2015-06-01,5975.103459577214,13912.99481548834,14897.679131956675,15927.69016990159,2503.746364341646,3532.3442514858884,7325.926799954066,11136.093500437177,3880.101184763862,40674.94028785575,721.7521782840707,11380.01860804485,6970.1641747488475,3360.2059502830693,7.974637316455399,3.7084767578974023,8.896325771792842,8.863765791466502,4.753729850599125,12.357262211413133,6.491081241840558,8.851353986671047,1.5669371986728446,10.093427355661115,1.1221447607984918,7.388202267124074,4.523734851075562,3.8129633668434706
2015-06-02,5492.240314155012,13528.261102858958,14225.998004681429,14659.423485209754,2046.0974950003958,3392.3578833029374,6848.6618238128885,8230.301795080819,3597.524825853645,38985.9221520117,627.2578394279241,11398.645343020702,6389.110828691987,3174.490139614934,7.79884196060192,6.422908989973186,8.294372629617394,8.806110834788,4.398275045137837,13.296961516886647,5.194425997302522,8.78008320119299,1.4621555123818053,9.904744723734874,1.1396825647824627,8.314351930498674,6.040152258837292,3.0338266956787523
2015-06-03,5447.4460130008465,13922.3204377913,14825.96254971931,15035.12960379889,2046.2530107893554,3620.8033192529274,7802.990757466381,7218.285028901417,3447.8047868951903,40054.03540853926,586.7361830764518,10703.954338663923,6136.456991774914,3240.674874632479,7.94948084248866,2.8754551570277527,8.343823698331823,8.486583539433905,4.098062368407773,12.553392354709965,5.143809795695744,3.819094267848988,1.4040841149933487,9.542034272032227,1.169708706483961,8.01677035110505,6.0975257096702284,3.1210499064680266
2015-06-04,5908.009843391578,14198.270602130302,14945.935885105224,16168.443829360793,1276.5362500300707,3706.448407627577,9247.413448140735,9113.689093860065,3703.4561604249097,41518.62603294853,569.9593010862137,10783.360860626219,6782.0096680291,3362.8609016534515,7.845284910621013,6.384034574419749,8.083888387102451,8.869544163416771,4.217772944187282,11.748682642408411,6.956117777472922,8.55101809775153,1.3235503785322873,9.669618098061369,1.169722035069741,8.100233821909894,5.604942620285319,3.024404420506167
2015-06-05,6426.787368975601,17533.71485154839,17240.3408614155,17259.202186306436,1900.2904546677821,4308.2566033602925,9826.326834145757,11536.322222106945,4067.9847466522483,47839.227526112394,650.5351626630785,16716.349830912917,6662.9543828503065,3157.0770069117766,7.996576166762433,6.784988714576898,8.216222042456195,8.640885618974707,4.48809165937007,17.514670605197438,7.014758276912703,4.300396676997652,1.389250720439424,9.82620097013793,1.131151511889068,5.178496751575962,4.568402575459702,3.3083789882066212
2015-06-06,6966.954179207854,22857.469600902015,20928.117000980197,21073.18576440985,2927.2465931480347,5511.441441995906,13687.89540060001,16422.42983732569,4203.149722995999,58682.91873937427,846.6678964610963,21749.663408411194,9417.67929469844,3289.77876839935,7.6362191570241595,6.784988714576983,8.56727844699162,8.670286731901891,4.488091659369902,10.757485339972279,6.098701790417202,8.963980618485827,1.389250720439448,9.742618686564981,3.6359448410890423,5.178496751575878,5.559690262870019,1.2127181411536967
2015-06-07,6511.516077791899,19810.865843729658,18228.91902612595,20355.43572407669,2403.5539885821668,4198.401683055013,10818.004043240002,14892.181925667557,4591.83472185339,54109.07055013143,707.6276812006096,19302.64376968587,8998.313247258333,3529.1543380645317,7.964732040074071,3.480300697918618,8.519935168015,8.686492194630594,12.57212515952544,4.053929445148967,6.098701790417357,4.300396676997714,1.389250720439395,9.810879998226415,1.1311515118891369,7.172507209664101,5.82678088125712,2.5745412497143256
2015-06-08,6418.316511001571,14336.693348358955,14374.189760069301,16729.512702945703,1840.844020429822,3692.540479638843,7451.911556615432,10446.65654258124,4348.355838919492,40222.02863586052,672.4887173756805,14319.087710520913,6954.655518524827,3459.392031472816,8.115128444022018,3.4124046852556136,8.059206896440758,8.542090706426649,4.348027759330031,3.28317251718773,6.832087704399487,4.092035284813241,1.3201276212434077,9.621514751091764,1.130783094873802,4.97417582008253,5.7898940631631675,2.4160085083657092
2015-06-09,6467.505822908513,13112.58945648413,12886.654439344067,14149.017213661078,1825.0294109720132,3105.4503866968025,7540.850448793028,10612.648526365383,3887.0507906307757,36794.72059336476,664.7089066822233,11220.114671118467,5711.7392277957315,3350.581858129018,8.254496457351154,3.467852585520191,8.16252559572612,8.594736327160291,4.162865795134851,3.762335261850949,5.917695094239704,4.143329077513279,1.3112051858862688,9.558818131121475,1.1173134640373092,7.328674600056583,6.023736930724636,1.4085565610173627
2015-06-10,6254.3257158686465,13788.96808319886,14156.044012939292,14136.384443427503,1919.4470079174298,3807.2372905523753,7774.09860416257,9741.867979260078,3915.2151736497235,35567.053303811226,523.674586741838,14644.272839706802,5291.93172431402,3400.4144596811134,7.764793880839466,3.472142258731399,8.187069723209444,8.381218550933093,4.052062710618464,10.877634849841952,5.082283928512781,4.191792308277725,1.3196699253737836,9.61266281664766,1.1314101552480127,7.9294258540760465,5.536219525272171,1.5804022625150818
2015-06-11,6487.018562198434,14202.861132016425,14487.83627057591,14853.50121496245,1710.9264421678472,3593.9413203049003,7954.884520335016,7412.732850123298,3858.0838101934874,34601.669302718066,568.6762526716162,15983.596850697959,5260.451412873296,3398.9949485518946,8.276917512581994,3.477067982365691,8.45046616695822,8.617946539422393,4.084724748074832,4.264216112034065,6.18913700992283,4.283335201574553,3.6995925458392533,9.631165344493303,1.1308953719045178,6.536283094150315,4.502921708635258,2.275394420569719
2015-06-12,7083.817609357906,18598.690971705433,16766.680805390795,18277.78869586436,1694.5964991745693,4287.317362791239,8814.583920376543,10713.121347403689,4460.188362119422,44871.5874202227,840.8378840959131,14180.414703359116,6971.923466535425,3629.1815631234685,7.972388230312711,3.4839793156873755,8.409450653481912,8.761255086184018,3.98669491950217,4.2308234285820125,7.2778646347645335,9.92639389344082,1.2922929295114658,9.714771801752445,1.1345207046722234,5.027786034998313,7.453333759179019,3.03566240191466
2015-06-13,8263.422648154856,24374.80066895199,20853.51882532762,23901.592833264665,2272.4496886085403,5619.427717612952,11844.778501281851,16096.32680333505,4930.026016881985,56240.500392126945,1001.3281546526802,17812.36090995108,9412.909047325053,3891.211450587744,7.931072597099335,3.4839793156873697,8.313015485733638,8.362615213129294,3.9866949195022254,8.487648872694487,7.445071724992619,9.926393893441922,1.2922929295113268,9.620745374936535,1.1345207046722319,5.0277860349982895,7.32481822644802,3.310014047355866
2015-06-14,8394.435925057625,20275.816755704473,17838.83201432471,23492.93906428077,2675.400313718984,4636.735283034885,11197.908215732112,13817.604380849898,4307.861648576374,50920.49011206972,735.3776230555658,16947.228188363977,9048.40781348769,4442.496806468513,7.887330713599932,3.483979315687357,8.28750121950606,8.34282489842814,3.9866949195021792,4.2308234285820525,7.4450717249925145,4.293845693011945,1.292292929511397,9.577330304245292,1.134520704672235,5.027786034998301,6.3559409078718225,3.3100140473559
2015-06-15,7746.772283341408,14875.562045387509,14318.235604281443,18714.690267060454,2362.2530974081083,3279.275817750239,8573.200018352212,9762.11684982021,3227.698205135257,39833.26014209653,811.4614618197228,12462.24287969418,6744.267347702992,4357.169367809318,7.540684367196231,3.5445385057511487,8.427222839510115,8.509382277042931,4.099587817969978,4.212935570232812,7.185940286999102,4.31992792114449,1.295871621081814,9.538669738218015,1.1386800007890385,6.604284001486198,6.520449492224964,3.6746177275574086
2015-06-16,7503.630895085795,13689.31434152054,14077.540486124699,16461.715190192128,2057.456120180675,3745.976115334767,7387.052808940903,10009.894282377194,3270.810643291608,37067.283586617705,780.1261306856834,11162.713914173359,5811.8447000974975,4305.897690227688,7.966600303852069,6.221505125929456,8.104248945510088,8.460005475900154,4.153709353753507,9.178946170133635,5.199804652231422,4.513654177399631,1.2579290342647482,9.715145875095393,1.1432262052452724,5.19201883539302,6.542933884759721,3.293925822126259
2015-06-17,7431.408070501545,14153.052724803449,14413.687117820447,15084.181530276128,1572.4545609390998,3376.772994424773,7648.782094230823,9673.69783385261,3313.3601805533235,36937.78378804518,678.5376605805204,11774.592964542466,5381.994460004093,4309.394531596817,8.220732170053084,5.557317056908154,8.108336788903095,8.565434743690322,4.1611338934737505,5.006133226491703,5.88469542871716,4.734453235854817,8.376784588465286,9.852114717070718,1.1447237660138976,5.24511947347688,5.614920164493986,2.8416749789637414
2015-06-18,7665.357349527064,14819.669993321942,14622.526596660911,13686.179433925507,1305.4763418067537,3439.582808174796,8863.41024907608,7223.703718055491,3270.733980754326,39058.31075777959,577.0698967474334,12423.852984457802,5873.049976179844,4372.205028833837,8.302562297575891,6.516053242165324,8.306261390111107,8.24664031222896,10.08481000571378,8.430150134035198,5.895849667163075,4.34361474235371,1.2097794269189945,9.961078042857325,1.1790172948444781,7.043516187142114,5.707514375416423,1.662174365131382
2015-06-19,7886.823487611581,17234.54251867521,17053.87454664305,16948.686961433024,1699.5859488098197,4497.729061947502,10399.444939190624,10924.5198146199,4189.398350136453,44767.39885319346,816.0864450698681,12936.503120596064,7330.997314038134,4709.408480406552,8.292521067297313,4.95915860034052,8.597044633591697,8.162573554925281,3.6913049366468718,9.372431886285886,6.597891496632731,4.482373266831353,1.2047103609718282,9.891176153644684,1.1908620244910142,6.627346262422267,4.704313843919091,1.6340201400858183
2015-06-20,8443.01001030592,22550.100221749464,20972.192667664065,24422.68527027126,3893.5310838799182,5903.573619042618,11935.686806160707,16612.384990004473,4946.8706538572205,55503.01656565999,740.9313468659474,20275.293014065384,9020.175665206467,5146.012586215914,8.290494752127389,6.989461730334189,8.424300246151,8.111985361674197,3.691304936646859,8.874155639793948,7.564217594540123,4.4823732668313125,1.2047103609718786,9.901565767506083,1.1908620244910657,7.35684645359429,5.8069232716058945,1.6340201400858119
2015-06-21,8107.897550330091,20860.619913621475,18266.252264721417,24844.21713037634,3748.573987799047,5303.206128732633,9624.671895439433,15087.2650533133,4849.721677020286,50427.16594628082,593.015409276209,18146.064691425097,8418.82748255872,5279.044851339388,7.831021326601295,3.293508677214999,8.50153135229227,8.356816624727003,3.6913049366467874,8.308586691099597,4.880295600101481,4.482373266831329,1.2047103609717857,10.018220279336674,1.1908620244910317,5.125847247259929,5.8069232716060855,2.6593485368554344
2015-06-22,8211.457746428718,15378.781291833002,14382.715927246812,18478.124950177124,1989.6676716778918,4106.1087769993865,7746.322754297462,9977.492711478915,4359.869846303671,38952.40202851482,550.0062033517174,13089.078092960364,6985.72536032662,5446.884599541541,8.41114001929485,2.8905712629732783,8.258816399676713,8.58408249937611,3.520961212769622,9.213611296533054,4.789538071553834,4.221867702866508,1.2013574323521934,9.917321392183519,1.209106265851093,4.986332778536787,6.64305685978983,2.9180906793792554
2015-06-23,8073.364322365718,12747.255796901993,12708.314169002098,15039.929122767997,1574.5620617148347,3769.2283299982623,7016.521235399193,8343.053190407525,3841.8695199700865,36202.693248663076,727.6965800170739,11545.10419509402,5848.782430176901,5553.466170016905,8.37120196387661,8.718183633971377,7.9894755120582825,8.607445098419548,3.949227903291249,8.713165879569607,6.476025692789504,4.602935036570375,1.2760642089293537,10.21613294049511,1.182155463591696,5.296424836621483,5.800093485071261,3.588136897787262
2015-06-24,7955.364340687047,13015.696487949494,12888.72704944006,15125.619429148783,1668.3613171653649,3518.0735966241914,8234.62586450472,8986.331037401089,3157.884351135937,37406.426523098286,664.0214052480783,11238.792285778876,5985.76364208941,5498.122264384098,8.130640178832774,5.922292533142045,8.147322138019822,8.990902430254025,9.684647642828054,4.843003687613767,5.1084327333258255,4.5698678018427445,1.2476912490079817,10.039997352903445,1.195435034407501,7.779295619885817,4.739456248631282,2.411043754779049
2015-06-25,8203.980235758965,14230.335942803016,14620.149848002056,15406.756102789052,1721.016335035039,3990.595385521482,7620.892850534127,8111.396731990552,3533.845880355317,37907.49217782419,760.6909490977323,12181.612515196839,6061.823930048699,5895.6278125432445,8.410659356694007,7.349077766373561,7.96394540274437,8.59033116188331,4.033669189923451,4.99599875326756,6.626142377172464,4.6501116234698,1.2401228981077272,9.937747088726343,1.1749493303140783,7.577184937003228,4.667724394039787,3.0799973189501335
2015-06-26,8298.815701250775,17042.10157288139,17682.08115592424,18613.34951693257,2244.6770971077012,3968.1416522631025,9711.49555173769,8467.701591276806,4417.079843130887,46503.68240635512,798.4131335279602,12806.350446535864,6236.578786360042,6043.093508031577,8.35396172473718,7.270297415968388,8.061723333410837,8.597337005780378,7.86071748892283,5.060540227467656,6.09258902009631,4.944803219051999,1.1626388173189453,9.955141194417015,1.1648557596606062,7.950512507601408,5.378703368765999,2.6399895910745386
2015-06-27,8933.679435295244,23631.82029754496,22075.549143620177,23787.327897767038,3091.3337655335818,5153.511192747519,12640.965000348464,14598.877730012213,4709.047319964875,57670.89978192818,792.7450308230434,16297.315165217527,7426.067720810468,6187.649296443752,8.745676301705286,5.733961027175521,8.133222052321106,8.2182633305599,10.367772221879232,8.384971782238576,5.268909279209797,4.944803219051993,1.1626388173189142,10.009567991892473,1.1648557596606075,6.9192273207507675,6.075857976822493,3.344287699844486
2015-06-28,8341.984796328034,20204.144003799305,18630.945390765068,21697.98397756996,2735.645390388117,4050.8513083997777,10300.41494871944,14089.430988050544,3942.8415922123127,50088.19816816155,858.1321340742454,14518.15329018558,6694.504337019733,6042.077397401305,8.38747069969278,4.012219565193878,8.260170385456632,8.596489498194957,4.277414433365784,8.384971782239305,6.092589020096089,4.944803219052053,1.1626388173189084,10.014355474686388,1.1648557596605877,7.654288013573831,6.33714716787389,3.3442876998447484
2015-06-29,7087.4546601605025,12175.647843431454,13479.41987715293,15048.262304964046,1934.8254890770336,3160.8435691182253,7126.767541997995,8220.290485033182,2862.395097632587,33784.66642026802,657.1558720762192,10501.75915680126,5901.83819776308,5756.323782817268,8.066095939985273,4.112174087226998,8.147065055342567,8.974448973289258,4.319565820580864,4.718922945265617,6.166573707926467,4.88555900665872,1.2105562021096001,10.052931774041735,1.1580663132331592,5.429461785704942,6.039558339180761,1.685027236098457
2015-06-30,6071.175827730944,10627.636462335606,11737.342030463391,12760.19571710994,1793.344825284928,2352.2122815668263,5633.396778504898,5646.997762280508,2211.2463655452834,30376.444937003915,581.1373063628399,10452.446762351732,3987.6980348205075,4324.753051494665,7.699051055529895,4.139303725340453,8.251594876926166,9.09821690705427,4.51710480319314,4.41059477423904,5.531979993403092,4.832601950792814,1.2230192708647492,10.037461215290364,1.177971554273911,9.279854561564331,5.704085935348644,2.621426170188756
2015-07-01,6158.850118711406,11639.463561504665,11800.68254276153,14204.548027271407,1741.5277132795786,2324.552952165735,6022.772329848925,7096.524958005373,2414.494471859533,30552.634388088976,684.4723773242164,11322.66801389123,3975.6508914032693,4440.061889590465,8.013746353246626,4.170012118858436,8.534960525134787,8.528946310249824,8.53586781420189,4.3431682386231945,7.2422436151496274,4.810834187782193,1.2250652369630166,9.947885007289335,1.1752784768811129,9.526894638337915,4.576203328954133,3.535468876370932
2015-07-02,6294.677361065512,13846.153220121443,12375.144231327919,14524.307444977441,1450.9785803103493,2926.593068430011,5895.8599989959275,6927.597446822185,2397.5068203127944,31568.097411956012,607.8899557089616,11667.00379889674,4994.525366929816,4985.921952574107,8.1037574192309,6.790848483600071,8.536722433834296,9.068910165052845,8.58140217780135,3.890071747125919,7.40767641683763,7.861528612106624,1.2373060541685699,9.938465043938088,1.1852737483890392,7.78908138992643,4.668536368546179,3.3632539139949653
2015-07-03,7108.843924582321,16419.53388533517,16524.786998441083,17175.632809526058,1219.2215569755133,3941.932389866805,8112.776222528107,9172.435029223272,2966.354799159867,38861.00505221286,785.6507205479807,13547.51052945612,5553.536411068403,5224.247874107771,8.439937523863463,4.139420343963453,8.604221577637878,8.98322961784489,4.631477753419352,5.584588018215374,6.447007586277783,7.754507364248227,4.234479921252993,9.85906023055829,3.7010324259012153,7.635182207922792,6.3817407382720965,3.0976453809470725
2015-07-04,7660.619802852824,21756.848501277575,18894.328775463942,24238.08813572162,2978.305729806398,5765.304395891229,9920.628858174243,14243.704884357621,3368.459999406568,51547.585946980085,835.9889168800569,18543.747607890644,6790.5584776331,5249.479612911543,8.20979679703209,4.139420343963471,8.60422157763787,8.968209863104308,8.425840170146405,7.083827655046846,6.447007586277884,4.683558204419437,7.001733394028655,9.705859836672255,3.701032425901502,7.855988120780785,7.20571429417917,2.7956702051584306
2015-07-05,7695.341962018058,19014.992924742197,16650.279254432546,23535.15102644588,2541.50413789331,4952.1274600806155,8781.52590052734,12903.889713344426,3128.6928187536587,47987.01535267607,705.337582687433,15286.160775821316,6153.695474455386,5240.0392006873535,8.392593941769384,4.139420343963464,8.528965527944326,8.890343491138497,4.631477753419327,6.074820064651158,7.167756897190076,4.683558204419487,1.260269623920819,9.92541453734319,1.1737742418806274,5.53201961974859,5.702718430416048,2.42969189305658
2015-07-06,7028.00932742885,14418.1567406944,14150.928170629779,18269.574726225463,1596.2285617401456,3351.2104666561304,6914.785778966954,8073.617256308163,2713.2576488699306,36542.37111600366,488.5790878810874,9829.068325686643,4999.266056814451,4952.91598931829,8.385773132056896,5.937679505719014,8.606343330921499,8.742127393074004,4.6223408930352665,3.538210867887118,8.03385032413353,4.852036545402219,1.2094759774191706,10.064321340710915,1.1830067061439664,8.060524466937014,5.773796465002586,1.249458293190638
2015-07-07,6886.371234349914,12817.2379228397,13828.37519671475,14872.918166873762,1915.1954687550385,3018.2391862513414,6669.230750875181,7025.575815383879,2493.835792859728,32494.216218066147,479.2775821687523,9678.196887839193,4319.412487066515,4244.803573677054,8.148150899418612,4.772126588964648,8.69651964598471,8.87136971598364,5.104877695162322,2.962185321370485,7.763059038262442,4.95738851313004,1.2840385749293497,9.994005428093026,1.1570301996418104,8.585114629694962,5.099863471919558,1.202797513663674
2015-07-08,6947.897628514333,13134.727073881948,13711.873182629146,14438.192405327503,1616.9575324472023,2942.1571223150863,7138.988440384112,6968.158269219856,2439.149037454792,30332.322403948507,469.0556599123768,9828.462064695308,3379.0585817845445,4175.472836533972,7.8499007395259675,4.695119006199054,8.332606965278403,9.376937032740129,5.092572451548893,4.482714184424008,9.74319571950957,4.547817061377749,1.3348449411104433,9.67646085743836,1.1471001716810059,7.850667791534528,4.4351965812852585,1.9221913023787784
2015-07-09,6935.7950245189895,17238.73497459466,14414.740338890813,13472.317962548697,1539.5525207438757,2814.0571020842094,7425.391580015744,6758.279746462935,2510.083664017923,30779.666754989266,424.1214541373927,9210.67717349154,3363.3487752752135,4523.777527585572,7.915295768802246,6.889465554356715,8.588113780539196,8.910823940249626,5.014219563699726,2.253189552609503,8.31500882375787,4.6287016869068385,1.3303667855908703,9.73125617253907,1.155742111283102,5.568753953609019,5.397448247605168,1.087887369506574
2015-07-10,7170.015736255086,18625.326252315517,14730.20288634043,15102.35271125485,1477.1462534481905,3707.4488127637587,8184.607387979233,8824.573434778276,2754.0097746342108,37248.92037094293,520.0974128383747,11307.266085968133,5490.537990844908,4700.617520119614,8.860410285250675,6.048569815199087,8.674370852078647,9.426618721066584,4.508171686568307,2.398884766137018,6.53031619268163,4.46459483393933,1.2087541542731821,9.700907092190423,1.201409646175059,5.387017184977597,5.832917995944127,1.7549740370531173
2015-07-11,8104.413068681071,22521.957056909017,19447.006114301774,20741.45480297318,2725.085680817651,4644.872367526453,10595.741028678633,13759.187905091812,3594.894278918189,49027.424577376274,805.1167410288771,15609.975668197734,6856.042866196521,5038.6952116847715,8.737934088440536,5.329681759799167,8.691466376159621,8.861750485445853,4.508171686568329,2.3988847661370345,5.930409358132837,4.464594833939302,5.125212916795597,9.679469695683881,1.2014096461750339,5.387017184977611,5.832917995943958,2.098722863641311
2015-07-12,7900.436370763118,19434.8727988729,17605.49015291963,20051.809778666997,2357.8297006782554,3566.7752569742197,9841.483304988733,12909.855074258094,3584.9707339300235,47083.75618150015,798.199816802342,14301.04813903447,6458.835106868803,5203.662545011482,8.579432533135266,7.438557789526099,8.63556595564912,8.941629852313952,4.508171686568298,2.398884766137026,8.010437180287932,7.376218225248057,1.208754154273262,9.802340023899031,1.2014096461750117,5.387017184977596,6.389008358936545,2.377292517630056
2015-07-13,7401.815160549859,13370.174362472622,12796.102309956364,14750.702122855457,1904.4429530468078,3229.678625151461,8025.901818550971,8397.467675664806,3369.6841493542634,38560.39445784631,798.6196948364745,12137.567778817736,5726.17922241927,4984.124256484931,8.513075859601972,6.588900575153271,8.22398704146811,9.238484271382594,4.803552670027943,3.0271425529094684,7.478789953253793,7.929512502083646,1.2004105550703565,10.083835617123027,1.1951349578696324,7.9341855560012675,5.585487469818244,3.514735201291884
2015-07-14,7016.890605804595,12033.148806312445,12574.337676471958,14313.901736965032,1601.600915624572,3719.5185208884905,7639.492203873372,8287.502225323931,2927.451665807026,38288.20966146132,753.5965146014732,12327.136660524246,4810.744746643329,4626.158776976092,8.660240495386198,6.547375551320691,8.01731453695345,9.488180639263529,4.882667213824087,3.183743595930579,7.647423402525138,7.716497983361,1.150569054939055,10.154437508158116,1.1865028247761154,8.400848746517585,5.542704838143374,3.496727795062532
2015-07-15,6690.179349722789,13468.10193085801,12896.242657500337,14565.349406389516,1856.0530753840783,3510.273357942968,6721.516627980214,8061.057780554629,2907.3559085486004,47227.28380047814,646.9008725195902,11191.67607295019,4751.335787151537,4500.291493136946,8.780555672416366,4.633457655374311,7.998010976915341,9.443179967177556,4.9216102003465405,2.828813475536854,8.130720208682007,5.166322718378162,1.0612658987474641,10.301756408293738,1.2401369376457967,6.984141263893531,4.836316404556996,1.6329020726586234
2015-07-16,6992.538580990006,14840.469796312407,14160.59003171198,13379.499857717312,1939.4686125880537,3398.5303937944295,6969.715405383283,7895.307953192172,3202.249266816004,46570.33341070515,690.83978749821,11162.406588974582,5941.051818688039,4731.382153351269,8.438466141203811,4.705284391079414,8.283334438542973,9.316695364854358,4.980691170232166,3.1636195940580114,8.225476935140742,11.972275154655176,1.0902536506703993,10.268821617285132,1.2321166695699526,5.981970542659318,4.834282689033783,1.7375807761044082
2015-07-17,8085.830193648246,16256.79504380396,17122.307206007914,15547.803552511674,2168.785773251726,4105.929729938763,9554.205197000341,10110.12829327301,3207.192283711871,46582.84600489926,766.7521569517305,14516.034741522719,6791.7466109004245,5030.510310966769,9.163092930498596,6.576436309951859,8.435065474994056,9.218169209605893,5.092236362451008,5.648108277437958,8.493288710218145,5.453405535638812,1.059169694947097,10.248307748439364,1.2426674326698834,8.16226376291185,5.795679891261649,2.0354858078423526
2015-07-18,10170.729457878795,24532.483937729146,23035.818915222866,24719.016979221196,3379.8371731661628,7843.18395320105,14685.130813991183,17401.232478064354,3825.4763516832368,60984.91874718245,1043.375547722308,22417.005769540152,10069.178538218774,5577.294729627475,9.19825057043365,6.576436309951625,8.60178110689672,8.56023579585627,5.092236362451013,5.648108277438567,8.084740308273819,5.453405535638676,1.0591696949471874,10.111751888565712,1.2426674326698384,10.329606933214183,6.453280201203124,2.0354858078424463
2015-07-19,10502.109213136084,26423.028367846837,23983.703132293802,28235.33221718316,3445.7512711320487,7200.586239004765,15470.708101972912,21547.858175832393,3598.9946789709293,63914.0537334032,898.7780527353204,22778.118217652678,10837.076995269595,5812.802515397915,9.163092930498584,7.379455054060001,8.408865512954629,8.143802393991761,7.863986478780287,3.2172998168950393,8.084740308274132,9.333016572958261,1.059169694947042,10.010969929570924,1.2426674326698597,9.58755144271503,7.660708928151871,2.035485807842377
2015-07-20,8691.614894526008,20470.06172509449,20190.299052442966,25095.585627010998,2214.5788894014863,5017.434058328327,11944.864271520288,19870.47481486449,3517.215420926928,53086.76699761184,747.0687183388653,17924.988290164743,9068.174568455652,5651.083822353198,8.775342995782314,5.132830607256245,8.26489517390052,9.019291624507758,5.28386045715496,5.180109222104592,7.700624847724471,10.010018714716733,4.07421221934718,10.12468141981682,1.2277302664068528,7.590621753963359,5.699341261373355,1.5443689371353642
2015-07-21,6833.314483924071,14754.055101594215,16385.102439772774,19895.209057439777,1304.2878219155089,3574.0416335959544,7397.838948115923,13651.611082488396,3274.347093629981,41066.75010197531,615.6116226219757,14201.169622802952,7296.518363627492,5465.261499988206,8.610882301653081,4.74404648604389,8.332118614164216,8.921386512127153,5.017439393359474,2.5978571951971534,7.589711222462782,10.522717522342802,1.054694445839941,10.10948353377581,1.2315456797546318,7.728537432726472,5.722583759803108,0.7436207059328602
2015-07-22,6594.774341301684,14125.597688598049,15359.368093811456,17497.881481210225,1860.7111812764651,3487.48850311703,7370.977773547817,11003.294699972028,3012.5599223217923,41316.16577180622,720.178098901486,14549.138129536757,6847.276016854313,5351.777905540446,8.900349419898054,8.68762834766806,8.149241783480635,9.249367675621997,5.216618640099371,2.710724456012842,7.785507241497498,5.4912375868111996,0.9599728301980895,10.156782713868012,1.243336739727953,8.23895527548185,5.754628299233708,1.9141965570949087
2015-07-23,6662.446863211998,14246.798132745187,15780.418171183821,18016.24651618914,1702.9832416236345,3850.7496939527905,7819.7702602844865,11935.622110148282,3357.1628452519612,41985.533665077666,726.380696448164,15191.429487727399,6427.3991760021645,5472.530645665906,9.056453348028231,8.390013044232449,8.163108874579201,9.35752948860192,5.142199988224847,1.808162868864003,8.020457660110651,5.220107571797351,0.9516557537455488,9.956654850780346,1.2426740658196307,7.662534873242018,5.9955218021981445,0.5419557930539429
2015-07-24,7390.75232443571,18830.10690572198,19000.13197369778,20501.061716998356,1929.6984313192634,4492.707987687545,9320.991211921082,13958.636064023318,3758.8070850682334,45054.863317066214,914.7184889528193,18096.688137725137,7159.8171889187515,5645.2695543672335,8.705394118590137,8.915692883735344,8.325778348163894,9.03868113635097,5.330027028925557,5.474024901617944,7.466790870062801,8.03013477773857,5.451612431437063,9.82676573392807,1.2265442949372447,7.219584670825948,7.592200649953541,0.5173187679488517
2015-07-25,8789.408349223453,22677.94025477866,22864.149439037614,24261.3864788721,2820.720838031253,5266.608467095553,11416.38613320926,18056.18585652208,4108.551722199128,53533.30428286812,1027.8960481606246,21133.55918109836,9232.366593165982,5780.060726711086,9.571019720375695,8.318511251212634,8.810035688210043,8.944402708735186,5.330027028925503,1.4888974515084312,7.996219056091439,8.030134777738656,5.451612431437638,9.849497547157068,1.226544294937232,5.962485575085661,7.5922006499536625,2.2511041304883124
2015-07-26,8809.513999777582,21312.017506364544,20525.623698404852,25870.263271107317,2995.9128848724836,4903.603303252907,11488.4983600441,19662.46981937098,3996.496008543891,51865.5580178494,899.057610767181,20066.38391486082,9502.495799492355,5838.739166456529,8.73708608537904,7.108407818202499,8.492354496942497,8.91109518133694,7.8872132782960325,1.488897451508405,8.636852893643384,5.31765320885852,0.8979450080518835,9.958200475414184,1.2265442949372622,6.945341416934345,6.608597944116214,2.251104130488406
2015-07-27,8390.00179651194,18629.72375425493,17852.372204316354,23214.705057565894,2386.037846628177,5279.76213776817,10021.763761683638,17080.651760668996,3695.4034702471054,43989.067569161874,662.0909355251035,18096.255989553476,8203.2330301145,5719.452355101612,9.027755415304082,6.303530704727885,8.529313757763878,9.065865984144796,7.630396008013868,3.4464027138672466,8.577928230890391,5.148740998649812,0.8289681750421023,9.880369083297294,1.2403274226464829,7.921710315738224,6.1238371881835425,2.1515123970603938
2015-07-28,8055.579491246253,16988.378007962317,16982.42649097134,20014.05279083779,2104.8529709482714,4896.574522242613,8703.981198557225,15650.315902428483,3705.900560699589,42534.06081026138,791.898287315635,17349.37237547439,7415.142681598427,5786.90083827468,9.048291070027012,5.061179974970055,8.615875282192949,8.978715820219659,7.502758645230862,5.339638990065435,8.679272080189536,5.2518598432305055,0.8906996013414842,10.11594339602361,1.2211514971015298,8.367341227793084,6.88755770257744,2.5422798638206348
2015-07-29,7860.844304005167,17450.094439641176,16513.265585700858,19972.91233671278,2090.6214709901474,3706.1452023639845,8558.481964272318,15675.765700914877,3587.71747718812,40425.161068845446,590.3013485235952,17502.195153379587,7038.160173900905,5813.1054189029055,8.824216800789975,5.044518570932111,8.2902387898003,9.001214675487086,5.0248775937894,4.1490051803307875,8.431644623646362,8.189292588979452,0.9302332766384394,10.00614557695125,1.204763751814412,7.937761430513632,6.035694260405393,2.1867973627710042
2015-07-30,7897.296257194246,18741.44824981255,17165.913292373403,21238.302487273868,2252.2651810906345,4151.428141136507,8870.710271998974,14960.90884173713,3472.6670797543065,40107.78595914489,791.4351832817927,16277.742862190318,7254.902494185415,5783.825936181394,9.170594606797023,5.541282565177047,8.319427448420825,9.435713330333774,8.929236804987474,2.2842073135255236,8.235695898130368,5.649024844960187,3.881606006559192,9.972421896201793,1.2099444652725477,6.117963926925571,6.072952052701127,2.422511733199755
2015-07-31,7478.761977413567,17152.108945183703,17925.38884513785,19058.359619874318,2090.2081902466907,3744.4039170542405,8718.702880840154,13675.31669296012,3275.587508631078,38130.8620792089,784.4025636387607,14599.061270348744,6045.540361117404,5316.461890280349,9.278746128670551,6.230335078818383,8.256114105549818,9.06693860934116,8.359184684009895,2.006805887671829,7.964427281752001,8.030996320659767,3.2795921782651285,9.901381451592673,1.2512640149697378,6.618135202125832,5.911052897017145,2.060988905782767
2015-08-01,8245.346025727478,19582.69366019075,20228.196388714707,21928.586007726302,2479.952222973359,4796.183728007194,10922.88927438402,15190.638061860682,3430.467277135432,47066.97510832667,983.786289810471,16621.893062692034,7590.704434532698,5222.538901201054,9.250583345945005,4.936146185400257,8.147110347674149,8.476679827645286,7.655648684017563,5.799212748203943,7.747318513813797,5.29680624879769,0.8813944702597705,9.833394299216238,1.2512640149697534,7.133029710941432,6.061418937656781,1.2780939919798457
2015-08-02,7928.997626620548,18612.322225558248,18914.08584426859,21887.06418777715,2428.522738792639,4163.434978669831,11379.524224762996,16601.660355776112,3407.61261480716,49803.100614343755,784.3763638962196,15500.797163452848,7471.13719429941,5295.156930197394,8.739215729401652,4.936146185400245,8.147110347674142,8.709986880405324,7.6556486840178355,2.0068058876718635,7.479737131131084,5.2968062487976395,0.8813944702598024,9.816575879044814,1.251264014969716,7.386085861079991,6.426173639292488,1.2780939919799066
2015-08-03,8304.480407780986,17062.093266564207,16301.150008481178,21352.881750318047,1954.9625066919186,3997.491364875921,10505.64428785141,16940.41502334738,3364.642565249508,44767.71569064641,616.6000941705055,12746.936943868848,7152.8599498765825,5345.260533115832,9.045983665285307,5.789791721634814,8.127277504181379,8.723025227545648,7.682560540104527,2.0068058876718373,7.47973713113109,5.296806248797625,0.8813944702598094,9.832856453607073,1.2512640149697656,6.82225455637758,7.167219215985696,1.5543401860201478
2015-08-04,8009.835789508613,17571.16348328138,14724.917353977491,20607.936457630167,1717.7845663606597,4157.988965052536,9513.559227760306,17113.37842416998,3116.8052538919674,43842.83664732942,644.0070388585124,10586.635254281558,7646.454738957606,5339.55892455771,8.681579477915351,7.284629010876664,8.00092927116006,8.970380754360988,5.105042880774409,3.510982852584581,8.014318731288151,7.530181964757352,0.8919438457330187,9.87322065365001,1.2452538192782718,7.374970348376769,6.262627038053903,1.5627043202430375
2015-08-05,7608.1849906145035,18343.38886347092,14536.687899539555,19750.598001825943,2186.1619399369747,4124.946448063513,9733.41474285584,16717.563923103047,3198.1748591685587,45673.706769843215,610.9485182247731,12951.387825350643,7465.431903801118,5364.075727743909,9.024560072197458,7.321240560572118,7.862393136532438,8.752467227254085,5.354878874867135,3.5864457665093257,8.169484682578918,5.731200963583343,0.8128261344477891,9.974060486365065,1.2487411081187196,7.3616044713138375,6.120628362372238,2.44410426341686
2015-08-06,7877.262107388177,18228.18302051871,15184.221825249275,21050.479757569177,2511.3355688764395,4256.323260345515,9624.715637348103,15053.406146108393,3122.982148790423,48029.25118273278,810.3306864195062,15072.922401037926,6991.359243852444,5161.0474772660555,9.020232866266625,7.596894027538734,7.870065394363301,8.72976114862187,5.086258628443432,4.114596228414156,8.498066812435347,5.297538275607748,0.9254466055337501,9.805709103072207,1.2504267253647807,6.554707685880014,6.1445238873573125,2.649827887884811
2015-08-07,8041.032677144026,20199.732525811305,16465.502692243233,21944.84950664042,2572.837791032376,4394.544219543098,10225.537636950277,16115.538804623775,3300.657013017994,48630.63138704659,779.8921804274742,15880.969364110113,6592.753188544436,5081.750610973306,8.958846539901716,6.493996523913221,7.793500129239036,8.867763006722454,8.766575742762154,4.893281482743669,7.379564865344493,8.526507326082932,0.9483224875456312,9.786637724854343,1.2279853670387162,7.365656822404084,6.794784083530832,3.1312878805474282
2015-08-08,8652.461498572437,21402.875278083287,19011.05630654213,22998.939325499054,2937.053137934872,5704.497254232357,11895.210561353504,17350.631458476197,3047.6470732049415,49546.7769167604,734.2319488409765,19251.50870113836,7250.232089427841,5394.847156712957,9.08431471704436,4.974299254126996,8.037658662891412,8.855517645170227,7.2889565430542795,1.536971727352886,8.185790875995039,10.142664983730306,0.9483224875456071,9.887558392934826,1.2279853670386702,7.266406285853051,6.088856637337268,0.42994916848649245
2015-08-09,9071.975706714753,21815.153456998512,18824.53539084193,24004.634232872395,3167.4628103388964,5302.65827423667,12299.203967272424,17775.609587040803,2936.234403653892,50548.079360450894,581.9380625178956,20546.22231844167,8104.037835577984,5434.132020442232,8.77193264778293,4.974299254127001,8.159955214018401,8.626641986815137,7.866735606529845,1.5369717273527777,6.853953432850485,9.01251590306226,0.9483224875456006,9.88991368612228,1.2279853670387064,7.182153401632389,4.826177107569721,0.4299491684864602
2015-08-10,9039.081283654881,20405.53426799893,17161.742280616025,23601.088620963692,3175.045888790976,5659.151541174988,12192.01891938044,18361.437380757474,3117.7233330285076,52267.76042319536,569.9285324803363,20827.285762469204,9130.009196350755,5448.19814377295,8.620645709759525,4.859125299595844,8.190549158643234,8.564746324599861,7.2824812296912,4.035622296795042,6.714853637386644,5.249091627968885,0.8890227109372064,9.840542160118527,1.2380502654668404,7.843820538644082,6.091753029921801,0.4784966128909591
2015-08-11,9170.343762203483,18571.54972648448,15876.946897029806,22656.336691172488,3317.4530266744573,5383.535303984661,11622.002696568625,17910.61950730101,3324.0470282992815,51524.53403678926,940.5225280613869,22257.831126021523,9708.726124777293,5364.724672399268,9.676031006568993,4.961412938169947,8.060919042104162,9.148337294809398,6.166116802875299,0.0,7.171752249969364,5.534551492553369,0.7384869235143386,9.70269690570693,1.1761630825794946,5.779537025420772,5.279813352268036,0.6594104090252341
2015-08-12,9531.846098633765,19344.56082744341,17645.292758134678,23880.486683064977,3889.9252698483588,5954.966629735432,12756.392288643074,17732.938652359306,3348.4457315218165,54561.38830331672,1007.895792108378,22252.414327367358,10382.327867349266,5642.643490868084,9.963103349484868,4.53373967739448,8.117687169455202,9.010072044106723,2.6344074820224255,0.0,6.916715352723951,5.354584529055631,0.7535488989346113,9.54712115702871,1.1305468538173367,3.4963620367528403,5.437562152288438,1.0300945968644188
2015-08-13,10100.003970371712,21061.115826725876,20239.04503176969,25320.566277458216,3902.5480762330258,6545.185205034748,13757.394186736172,17880.677054266027,3352.6382852437805,56856.40273618349,1024.8764305590068,22110.883288310026,10677.181131898944,5619.49364919667,10.360699387151502,4.546658909141396,8.095822692798674,9.239610737302522,5.17462003935777,0.0,7.345897179602999,5.436582832823796,0.7300635050690772,9.521386617577784,1.135867860840109,4.321190046736746,6.245301715990445,0.89741639308351
2015-08-14,9432.564238470843,21517.08299939942,20987.419986447097,25763.579999682664,3720.2905252591127,6672.9245291066345,12959.98878868871,17641.55376817108,3454.1448457221195,55311.196749009636,980.0536687267195,21284.98364287288,10521.911244849925,5615.06498367431,10.483134934067426,4.724805902131189,8.019841110952964,9.057214612125328,2.7562661629113046,0.0,6.547855241900186,5.595781068126092,0.7201455051614849,9.638343138142394,1.1346370652841666,4.76575282438376,7.152131054642783,0.9744308192490059
2015-08-15,8508.790460793514,22056.2040457633,20067.263715644043,24272.02604294197,3395.993215149102,5579.436798586115,11726.631188203282,16508.424592130177,3271.763260476989,53786.21465425144,710.2261123669846,20291.73322415931,9857.49811689377,5512.46965578467,10.360257799334327,4.724805902131195,7.967383939949391,8.985616289188634,5.230962268874633,0.0,7.569736298641605,5.5957810681261435,0.7201455051614969,9.510549653713964,1.1346370652842035,4.913929152031189,7.374644010464692,1.7782321212599224
2015-08-16,7609.8005438343525,20549.352909559908,16450.744332657323,24206.371532146186,2715.1363373238823,4278.465767630975,10746.927807100883,16589.97710599275,3328.1149729946683,48723.40212368049,616.4662390245803,19280.198341245377,8472.036827089141,5320.402764946973,10.485982593651512,4.724805902131223,7.929647729511047,8.887355283413761,2.7562661629112792,0.71598801930736,6.960444471269288,5.595781068126083,0.7201455051615232,9.433906415418452,1.134637065284163,5.235486689596472,6.438999585357826,2.2462958948444793
2015-08-17,7501.044340443316,17899.64912718652,14897.936058158326,24161.74820498499,2557.3992831633486,3993.9957317124295,10973.293056626853,17387.19631306293,3367.249837012364,48370.00451745656,695.4560980165681,18749.95259863555,8499.200238828556,5415.087215685304,10.414292379281132,6.554584685140847,7.940023272497152,9.156479480150516,2.8459333250018948,0.0,7.831090381164202,8.180429778461994,2.899464940154027,9.442297584581246,1.121819066794889,4.61825500983884,7.007586355607079,1.7823486530212589
2015-08-18,7570.95400746404,15511.510071162802,14867.818762479694,23148.757268390476,2593.6494367592304,4207.769120820252,10306.003545527044,16392.864194731053,3295.3952499304146,46819.63505302677,743.4614253587997,17703.44138158006,8026.143439312707,5257.366162090101,9.437158105947818,6.90876890739477,7.858601117396578,9.122013272086875,2.9852050954085367,0.0,7.620696291875096,5.9523731125054775,2.8183962098975215,9.570367180694276,1.116891087210067,4.739051667482867,8.296595413723347,1.1912157031467359
2015-08-19,7285.034784452748,14120.950690822863,14679.834446818975,21802.75887674899,2391.267129720516,4015.7848765575095,9529.676974115495,15838.013992145145,3287.2804235154185,44712.92193921428,670.1358807678943,16080.774071527381,7770.947257730326,5328.75310352109,10.3110576449758,7.46679750350884,7.6759077830198015,9.389985452463897,4.475899229961918,0.8864375210267288,7.445382593436191,8.932833165636977,0.6786072259235787,9.411703996498241,1.1385155288110211,4.282114953233361,6.240515878543974,0.9463647330677163
2015-08-20,7460.6510332323205,15357.774755388595,14499.172484552431,21249.587510864814,2056.114956466545,4002.4926277350937,9541.380774714107,15366.47298549919,3266.6930560592473,44475.18792753278,738.7755026671008,15990.840875689271,7699.910451787279,5559.898939312524,10.210766080181124,5.013383045067926,7.660916877164642,9.26825257993102,4.609411707122283,0.8242762233973253,7.201839493736327,5.617190625746318,2.7818196698528554,9.445625183379773,1.1430358953638704,3.0443479802963074,6.121632527516447,0.903034574756052
2015-08-21,7327.464317782802,16750.389822796144,15998.975313475294,20694.136039861925,2492.237226745227,4506.889141651318,9738.309754436683,14594.232499305266,3133.1973207000747,46581.916927228514,734.0725574857391,17874.347114904223,7124.512926799879,5522.7940153471045,10.101877835205084,5.21076885680136,7.309810505990818,8.713662811773622,3.010666765392312,0.0,6.698861909439734,5.414866190870643,0.47970625168711123,9.141193677191684,1.160648702049731,2.989441505172427,5.361880825773435,1.8800518644979356
2015-08-22,7505.899020967958,19832.815983703476,18709.845407555575,22443.989782810422,2802.325285113381,5036.37517319673,10246.907990163923,15313.03808637768,3359.676724696088,50371.779982350294,871.7275607131685,19295.739890125362,7539.174089368959,5524.095495866652,10.18744577986165,5.210768856801323,7.350145499686146,8.896877319739499,7.274663534635981,0.0,7.7724221217588205,7.072698843013278,0.47970625168700975,9.170846985168879,1.1606487020497305,4.217615930427439,5.361880825773418,1.8800518644980984
2015-08-23,7062.9265857597575,20613.23970877809,17550.831777806747,23722.93627991623,2301.3696691952537,4752.14249524978,10236.920906834916,14623.915231168492,3768.316343384098,50515.28930307253,766.2785066340269,17864.390107445666,7721.65855005173,5572.02118677289,10.071397871655442,5.210768856801333,7.352595428555777,8.760368534152189,3.0106667653923926,0.0,7.914407770792971,5.414866190870724,0.4797062516871241,9.130524903880955,1.1606487020497092,4.616595972028012,6.675531637619778,1.8800518644979674
2015-08-24,6990.9823559011675,17341.426321064755,14783.593463288791,23025.604850991902,2396.9381507187354,3804.629181682788,9719.048280482917,15170.695201319857,3852.4404083459535,46791.127509472295,695.3748004304364,16084.954936279011,7468.301400781042,5660.884314019178,9.817065895123871,5.275819473787134,7.154897887858783,9.074313579832381,2.890339539913129,0.0,6.939787853392798,4.993073624954625,0.4507025198101108,8.799092745270597,1.1696892517578923,2.6931148098632587,7.115764565462675,1.6315619251612492
2015-08-25,6949.584297958862,14366.821753459311,13483.91725169523,22079.565510769404,2049.1595459679356,4047.679518903606,9578.277381670901,15899.855679521977,3483.3280851572167,42567.72437702703,632.9605924071038,15614.342517235778,6823.7544269051705,5493.119159045672,9.931325453472638,6.893704032081986,7.176935427415988,9.059657035517503,2.6980645177398936,0.0,6.739982538321004,7.649588735519903,0.5344078562156496,9.022943457183437,1.1808865291806505,2.6555871182200446,6.799938265168709,0.3562219889773646
2015-08-26,6893.79557043168,14163.505206507407,13696.85170840618,21907.551095110022,2246.5108800319626,3984.344387145913,8909.548371608533,14204.299635099016,3087.440194063415,41102.78314550895,569.7762613273997,15056.601349784465,5846.778768188665,5353.835049845215,9.598970749515006,5.163853474023109,7.184504636324114,9.19847974719146,7.538697349833003,0.0,7.667348073735914,4.904461211181216,0.6461703344216266,8.832034473486734,1.1475352438100335,4.059081631874617,5.318246879663587,1.0552978579514092
2015-08-27,6704.0931907031645,14446.110229401924,12978.388163377711,20634.114851879967,2126.453845764873,4530.857443295837,9135.784037338326,13161.327822464295,3097.1443842920876,39480.48090737529,557.5122649992039,14631.711682322783,5478.690163684408,5113.406062599522,9.498651476941934,4.629373792015454,7.5318900019558335,9.40629512018101,4.438386214188377,0.0,7.738395992947414,4.858382331751959,0.8184202289778139,8.952561064577795,1.1351203055063825,4.020104446013459,5.3980914542166145,1.255131265368619
2015-08-28,6427.923542204767,16052.962461149002,14892.36607139914,19642.00429301729,2500.1947433030514,5171.94896114444,9383.80933967697,14246.58179967202,3437.63809622949,39796.7034289441,581.7534348689136,13851.343065668674,5753.391882664077,4703.360944709324,9.280627865638504,4.995730762142304,7.411308913958534,8.958430147753525,3.20767023887805,0.0,7.721138483497875,5.0058543841606165,0.7856987464276413,8.948402344543533,1.1391843436008995,3.5509625100393483,6.0150120471329025,1.1423094322914107
2015-08-29,6361.884503012275,20231.24389895788,18207.872891750925,20410.021262388498,3000.502318346638,5230.936142426618,10405.673319696274,13861.674180820923,3383.049918010489,45240.56239172771,879.5138330864736,14369.866748278526,6610.550435977596,4545.419707840622,10.08632085288387,6.199787924334873,7.678201919637994,9.034350563701285,3.2076702388780896,0.0,8.207340700161977,5.005854384160542,0.7856987464276839,8.922353527729882,1.139184343600866,3.550962510039425,6.015012047132889,1.142309432291478
2015-08-30,5410.655590519177,17954.473937878618,15316.071283542564,18381.940951684268,2589.437588424641,4605.8379810894785,8973.245856046084,10511.556651281131,2811.589031100731,40731.62632456743,605.0124962718339,12403.07402224231,5629.061068495346,3888.437823099403,9.588529142907605,4.995730762142311,7.679135474834441,8.97690872417968,3.2076702388781144,0.0,7.898138597236963,5.005854384160517,0.7856987464276015,8.843669817311156,1.1391843436008824,2.9635009423932006,6.396552763961148,1.1423094322914666
2015-08-31,6456.393313457203,14448.14603994749,13074.489097425798,17308.077216971342,1829.657704633601,8368.456936832023,8768.881315561302,10670.29212246396,3313.1238609150173,37457.976615869295,551.8721165606862,12142.261257951577,6440.371618375163,4567.6688107115315,9.6072738235764,5.120638120398542,7.561593941203952,9.022130768006061,3.3969394035792537,0.0,7.683948549801188,5.0098201147450645,3.4354120581976155,8.899989697763854,1.1364433716333153,4.060781873279643,7.331939094103234,1.5520336523257847
2015-09-01,6872.798781227517,13305.646059440607,13024.1913262247,17112.436902905374,1979.7047063577472,9316.818952631067,8986.078435660815,11998.679454132856,3083.778183486429,37215.011458378176,652.7614313625212,12129.122426419006,6638.796141497479,4663.148324462444,9.444167783172366,10.449810893945092,7.253500452640597,9.21642687789567,6.654493504399747,0.0,6.87292845606808,4.841381597884117,0.8154573725850012,8.83185687343064,1.1249177920128237,4.01873875317942,7.590338497081893,0.5096077735748252
2015-09-02,6936.50952597321,13264.7756888925,12822.287199586037,16558.14952719999,1543.6173841381828,8038.065310716328,9577.388557415,11406.127241127164,3168.1816448933682,37610.42294752076,775.557011566187,13349.859760172334,6996.025395777851,4847.999876471363,9.741235339662186,6.7152668094393135,7.047324717890583,9.275953729852876,3.717374130507649,0.0,7.0925783755796,4.844594897885975,0.7714674525659316,8.897521821924208,1.1589429121705876,4.655471597270679,5.105793972877135,0.2350103752422063
2015-09-03,6918.519716735591,14990.353777654796,14152.688761065123,18358.4031953934,1752.0485539060833,6411.019764903271,9433.987211175208,9747.516789153875,3411.0121851829335,38847.60223557382,703.159597929909,13011.278627342303,7080.479234417687,5091.38652512388,9.321064874339783,5.677377528917103,7.200121885077993,9.233627088779725,3.9924361144836027,0.0,7.929575526384569,5.083895185175592,0.82567905935785,8.955404285013373,1.11991396434789,3.579778246676617,4.943634935577615,0.653510200963995
2015-09-04,7097.63548400688,17448.148775759164,16409.088516780055,18101.613533266343,1966.4186050670528,5135.277194397272,9921.12881422852,10891.136869442858,3670.140272241892,42144.02018166425,703.147854754193,13457.248228422508,7276.863732037015,5125.268969199283,9.551565297145084,5.994463944376475,7.341450596362013,8.933350509861913,4.22823471750133,0.0,7.33446560345034,5.067736030440917,0.8294739108905878,8.946595787248691,1.1142445232726914,3.629323793336748,5.879155114857945,1.3546910537393029
2015-09-05,7897.382164937079,20391.261257644255,20024.734912092186,20237.609653562544,2903.3240427815554,5346.91823075218,11556.089363818719,16288.631004745228,4183.877345573542,49223.71492439192,669.9456479590101,16582.845643007986,8694.728123911296,5161.414634565747,9.064807527803177,5.994463944376467,7.42893622831613,9.18461856649679,4.228234717501287,0.0,8.361107499567645,5.067736030440885,0.8294739108906151,8.905411772068154,1.1142445232726164,4.6569886380088015,8.387318466982869,1.3546910537392944
2015-09-06,7945.805431171304,17900.402184058985,18436.23047968945,19912.514986144928,2722.617919270567,3996.1479252807403,10598.47957095656,15567.148978430916,4631.901986777111,47305.517845284245,781.2711211803337,15062.58438277753,8271.483784779954,5309.579373767914,9.700457331902825,5.994463944376397,7.69638120015804,9.505135971841707,5.81616186239431,0.0,8.361107499567698,5.0677360304409635,0.829473910890639,9.037099385954285,1.1142445232726736,4.309633579835084,6.400111190285012,1.3546910537393024
2015-09-07,8280.870683501236,14388.054442809507,15058.021367832009,19326.7408378297,1804.1438196306106,3491.089862406226,9300.682035197175,12209.531252403804,4280.461509398346,43514.337919740115,795.2727885825375,13495.414785233825,7469.026428599208,5187.190015099679,9.783918099247074,8.108316389812968,7.7454549389904646,9.827982113838484,5.8656084779814215,0.0,8.130811694571811,5.148844197032631,0.8139232607017928,9.198207110878757,1.1149989417789814,4.581703716964672,5.86748740231194,0.60118933701841
2015-09-08,8226.257888736505,12498.554205568777,14639.380301191155,18271.443600229883,1867.892148579865,4086.3475999108728,9054.993689906982,11703.02650655949,4023.595821360034,42796.9257940991,675.5567886703595,13853.97111484581,7168.544925152211,5059.141766823387,9.976299013372348,7.734493307787327,7.621326280549695,9.355560341894869,6.507250762409784,0.0,7.080007021978837,9.876936618375918,3.2703551217645743,9.251804845341379,4.605402433441291,4.475034288170912,7.0882779208989195,0.7459917770670067
2015-09-09,7915.049091520686,13242.269782259325,14704.651681764157,16897.89994795997,1867.8394204097574,4068.5143208977875,9090.890642191713,11214.845530419341,3842.510066418333,42953.551154295565,766.0609816261967,14193.727017543893,6560.569066082935,4891.687053693204,10.004793566115296,7.22474146608501,7.49555019268006,9.21090399572996,4.86980821119101,0.0,7.341509271712971,5.143930812600949,3.316798574064424,9.239383379960191,1.1431418798295203,4.167643019458362,6.739857674048241,0.6115188324169407
2015-09-10,7996.1882716361115,14465.38643118701,14996.680850362038,17761.807866751904,2001.3349482022006,3342.8300362062455,8157.392651850199,11082.362950233974,3664.0861319861783,41785.766529385655,713.7971468248874,14037.758658833338,6700.89953706908,5026.071230466421,9.740475314822174,5.157409724412367,7.4815620946696875,9.47404925307934,4.7399480558960985,0.0,7.715925412386764,10.081032376568672,0.6968524831696546,9.105286002221728,1.1523229061895932,4.077587246441629,6.695595695505032,0.5180244840486208
2015-09-11,8086.672788838246,17709.170370379332,18110.688233159002,19087.46923473803,2057.7593581390947,4303.099750716489,9379.724365619388,10923.639090368999,3992.9648392672457,44479.68416170508,675.5229426575339,15700.491939654155,7162.640340577271,4910.927435214263,9.52754132041349,4.919759003493715,7.36103366519816,9.364409303116336,3.1813326531773054,0.0,7.779838880009532,4.792523542319327,0.6835422663800492,8.895052413746594,1.1678435933044948,3.7231249331235405,7.15865627263846,0.25178737718696376
2015-09-12,9577.973952885199,24407.239363715762,22467.52901082645,25193.300310330138,3582.755136365037,6248.411408480738,14125.90969456743,17492.329657241142,4579.275191215501,58221.99566317838,967.5244872361574,20799.072578442258,8918.929506057044,4849.037260788418,9.419874488320442,7.641270500563179,7.4101651623530715,9.07067256735141,3.1813326531772885,0.0,8.561129983580948,4.7925235423191985,0.6835422663801126,8.719729291629301,1.1678435933044353,3.7231249331234877,5.2589563113586575,1.3265746170296329
2015-09-13,9579.8707685056,26243.43918005891,23444.52428878707,26584.666542573148,4035.4302262986575,6150.230727963888,14673.8024878981,21033.973718950045,4237.744607101355,59984.09091964416,1010.0946821749741,22429.05183927696,8997.965657829378,4611.657603145933,9.845940082453154,8.125256077883991,7.281343026854454,8.824868644066651,3.181332653177275,0.0,7.939716215294701,4.792523542319226,0.6835422663799481,8.816765574911654,1.1678435933044664,4.200495789522707,7.5808118195892575,1.3265746170297443
2015-09-14,8496.415182586223,19483.307683426738,18892.308814502285,22208.33644083957,2924.544156213999,5036.609343740817,11708.653577391106,18740.94365820062,3675.0149759091623,51106.79981349453,708.897270690198,19307.863740522083,7896.10073114588,4343.099095639818,9.89393950662316,6.4472065096344435,7.418874840569165,9.422499892445542,5.020939954755079,0.0,6.93633277409126,4.830062709259118,3.488045832631902,8.957893656806041,1.165890533915098,4.291415754966454,5.1690417211928565,1.3564871603000515
2015-09-15,7509.163255410466,14883.348187128206,14393.865426350387,17840.589072241277,1902.5417164501882,4391.4368120333065,9723.303415205457,13422.930884413983,3691.32015572469,41547.57718701911,537.1536145582525,16874.84504149198,7137.720808904372,4076.8954213160528,9.30790123996325,4.96740027744132,7.355786710038361,9.227126374031812,3.343068369448113,0.0,7.987343118753049,4.767222384931541,0.7913554959043035,8.91814568073485,1.1611275684625157,4.253053399909283,6.40260247859128,1.2927174066886378
2015-09-16,7059.29768330509,14554.732171456675,15042.830768633537,18190.7247621429,2117.0636963733864,4732.071091046343,9514.972544605751,10183.548288954022,3978.067184223999,42800.88407799268,765.5207264255082,15343.844662847081,7302.484614355885,4252.058582806725,9.15524470236369,4.73182453907638,7.46652445556194,9.288494227354738,4.756085501437989,0.0,7.968291933527912,4.796568146878423,0.7603172769435113,9.168769919984879,1.1731236232813145,3.0803801506653494,5.28155924481563,1.8654683798434701
2015-09-17,7041.4186939999145,15856.163632377946,15090.150311767784,17555.89610833542,1889.1928317245195,3874.7780017153964,9595.871252131928,8864.277206687711,4028.45005931255,41976.158449793234,784.654162051878,14039.47408514843,7653.116910677765,4486.391418889325,9.613297053842686,4.398960465920182,7.3986219829596305,9.38562119417812,4.578548312472672,0.0,6.465583930139018,7.498406832046232,0.8080406310065213,9.246886032298352,1.1931417595325429,3.0902857797310483,6.962746583891852,2.0775313843110395
2015-09-18,7008.57136883643,22012.451819132064,16683.963230610185,17865.236360336432,1201.6458114250524,4891.793259265037,10527.909562593602,10609.293216585587,3874.2338219538165,43908.619802968526,789.9012802907914,17342.124261330973,8403.398068664237,4834.555242181322,9.564742612731102,8.396896635635809,7.573045378007926,9.12307316576388,3.0125937466182737,0.0,8.047211012894657,7.430469869064814,0.7659773156450439,9.190040968169674,3.3651061895975616,3.6290717067461307,6.4554713843614895,1.7603899152514875
2015-09-19,8255.197400911024,24443.814716453573,21395.891030175877,22432.936918662246,2757.6215425737764,5931.547351449574,12594.63964859915,15250.118579726828,4406.256530044858,53191.58759838162,836.5662255868222,19865.74083792801,9402.32375423196,4757.46263087596,9.091087545947218,4.6173717465283115,7.655951167691621,8.768037181592353,3.012593746618296,0.0,6.533323874855206,7.430469869065226,0.7659773156450116,9.19959184509509,1.1942146690773838,3.196004789263255,5.25405418047375,1.2911828147571396
2015-09-20,8138.193730894712,23145.685027155552,20563.91177045367,23331.568744759195,2749.606961858775,5314.395387874806,12357.312991051542,14546.979695785594,4236.561115653885,56318.42646191762,744.9071121606564,18346.100191857357,9945.498867223681,4857.278071974129,9.50057770824457,5.85737238491731,7.550207232649522,9.194860302516922,3.0125937466182533,0.0,6.5333238748551645,4.648800639901308,0.7659773156450895,9.1335971958775,1.194214669077346,3.1960047892632564,5.254054180473739,0.44160820557548436
2015-09-21,7776.048348351025,17897.117705944795,16549.552010899286,20388.7093342802,2149.6345609098503,4470.1101742070505,10794.813744868956,11430.137416272997,3695.85481584561,51391.27652970212,664.0752164311223,14357.412026355463,8338.053502529867,4749.402992202399,9.60887763609,9.259927625634791,7.434385331565295,9.219888139480497,5.022108765698155,0.0,6.810626283558686,10.31292179888581,0.7549682001712396,9.12819261487343,1.1648883686171807,3.352909042738479,5.805932764386137,1.4266249480765154
2015-09-22,7150.359248100682,13864.811740302364,15112.875043194748,17474.99039750257,1982.93700606638,3933.1283329510075,9568.865811973725,10833.485558331824,3545.676997965269,47232.762043222356,708.8025642405272,13338.028971857795,8061.75793770577,4467.631693275837,9.979931691698194,5.5231646546664885,7.309611992265007,9.159989493615432,6.742747885372339,0.0,6.969856705612139,5.075800765018985,0.8566256757436833,9.074376344474052,1.1156673616924522,4.603214316549677,7.56766680612828,1.6209197263479982
2015-09-23,6408.152842953887,13206.47223688991,15875.76557967138,17088.542475563594,2164.6446631183626,3764.2521914554254,9793.406590650657,10069.555622119642,3225.5650112149215,43068.14189254224,686.5350101691555,12992.307999935756,7489.985162105708,4377.312410650011,9.762343507452817,9.661576112954366,7.311549485530538,9.520886665664847,6.047678294890071,0.0,7.124800042954983,4.915285680579482,0.8409801521915382,8.948818680031513,1.1027287298328825,4.46503743519763,6.579116446766217,1.4600881841108373
2015-09-24,6681.69541465064,13240.532338434332,16495.82256555706,17492.541626947022,2177.9557975847038,4102.069153420653,11085.000494790464,9495.389869766863,3256.1223264030627,43184.86671762661,813.0698160377273,12693.002355836601,7399.167978759246,4414.797095059374,9.368116520098052,5.509572503475322,7.217983989341063,9.331501174121238,3.6088805410714655,0.0,8.15108027495098,4.74575526688974,0.7763820710584604,8.845681968652702,1.122326879728962,4.049226407964863,6.937552219736402,1.7639142827866339
2015-09-25,6720.970166780553,15745.740403923011,17910.272420861307,17317.418634340316,2178.142864754833,4241.548196858612,11439.162548862174,10780.596414828626,3750.844043991028,45169.3901037265,774.8139969107856,14465.13783292827,7398.982278102752,4488.357518971542,9.482798168314241,8.366539183028785,7.593257769112637,9.383545832967867,3.576456275233758,0.0,7.770099163332884,4.657652876168909,0.848261092091036,8.920710097614382,1.1134186431821942,3.9000739688602555,6.424094211669881,1.3234393372978361
2015-09-26,7624.088580579081,19450.082521778702,21704.66577513277,22752.28869553932,3335.868518252789,4892.537829096271,11522.418801168851,14357.490774937749,4321.911472953304,52104.78900331985,764.9419953731407,19435.629226060675,8345.815002376059,4082.768094133988,9.594486361138646,7.09962285109068,7.655806417993313,8.954742087614875,4.949608042662579,0.0,8.71382227998605,7.329620972537647,3.6396325935526814,8.967634386283027,1.1134186431822257,3.893593176840387,5.088229685092388,0.30730700607713723
2015-09-27,7024.794526014104,17834.681287452808,19111.19936165061,23049.031542090215,3205.20181912994,4830.94512846971,10131.675794277138,13052.230603886514,4183.222028218431,50067.26681933362,622.1638248434729,18054.33689890068,8033.835434316938,4024.6279603005387,9.956892365923238,7.997440610103979,7.525740565663433,9.28867030448204,5.6302894643281505,0.0,7.7700991633330165,8.046246744295397,0.8482610920911317,9.03107774629903,1.1134186431822264,3.0918837093824902,7.080926885861915,2.110791276199002
2015-09-28,6176.893278356707,14490.351221959012,13775.549994644225,18401.55007691166,1580.8077254445934,4609.128505056006,8615.806559189921,10130.420842194826,3641.0142245187035,40372.70553318507,628.7722741847851,13324.349456124703,6532.487556817086,3851.679343595229,10.083941556234066,8.161815438678108,7.541635879481709,9.604360280396044,3.7316235320927427,0.0,7.245191836979601,4.628794236696798,0.8243717138398138,9.079917912433022,1.1357244260942596,4.394171469524611,7.277045908413181,1.8949498165706142
2015-09-29,5340.564838559593,12099.444899283679,12700.693073704842,15224.395700816895,1617.2832523634859,4079.3411770388834,7347.251401793964,8986.190397611828,2994.7940446732387,35043.396337402206,686.4662198289307,10421.952895436312,5043.78691855702,3380.8363333510015,9.677180934637459,5.376036009715701,7.529003702556983,9.800917335607581,6.581528041394314,0.0,9.517386790028333,4.532605986487419,0.8141114286416404,9.117467990778941,1.1395858136759731,4.294594218098019,7.2838883610439,2.238764546122855
2015-09-30,5984.200900443376,10881.910921436012,13587.744616330894,14987.56026903104,1458.548300663692,3521.7859848704943,7983.435161131696,7244.957818065163,3313.562445110534,37015.41726626445,685.9520422622078,11270.353179452331,5884.620024442148,3849.7165090830013,9.971825243515214,6.759885715507462,7.706130081899255,9.928658263228101,3.813210035818368,0.0,8.564236150943648,8.356540683962365,3.1151189182849515,9.390621444842042,3.30828784520276,4.609121065994019,8.122601089136339,2.221159242812984
2015-10-01,7393.973446314126,12237.704447900258,15694.643971329566,15354.425279888896,1372.4885457176385,3550.6114289875463,8960.656084155044,7396.950070657362,3620.4069828403517,40201.849198495736,862.3899634284311,11749.075252680526,6741.500676245982,4071.4942667664077,10.60969609116086,6.873250884106436,7.7407760899968965,9.71229766587083,5.55177266419185,0.0,8.935966026363342,8.234560473180471,0.9470739741581848,9.799083914031428,3.3137024326548596,4.7367607649135355,6.940646881835347,2.494484379130704
2015-10-02,7774.324070923693,14694.649334930891,18494.89960804373,17565.063593073864,2379.559511805929,4074.5498754265036,10675.61663674104,9926.694989382353,3488.8880418265107,45753.51651500819,909.4873264158298,15191.169038489854,7945.336831448291,4277.708516378411,10.69246751743449,6.9301933133649705,8.223403612789015,9.983959360356204,5.1372676117086,0.0,8.39578143428267,8.769006146518143,0.8923642318958204,9.841927772851793,1.142552436676187,4.737752484862306,6.86474518198576,2.424466206132032
2015-10-03,7429.644140260907,17591.659732656353,21406.653244395115,22378.921565537465,3229.147523266236,5442.478510169976,12375.855195393007,15009.637407599403,4151.0664013019,52226.50913373474,962.179423046374,20447.93058482758,10091.51408852711,4499.824057636272,9.869973030917768,8.22289907129685,8.05945201098404,9.619556416781597,5.553573842880382,0.0,8.589140078009324,8.25107898365675,0.8923642318957676,9.72474027128856,1.14255243667612,5.0701048996714135,4.9935555526355255,0.389107372125196
2015-10-04,7161.999793615156,15585.913261383073,20923.861127504595,21361.022134621944,2276.604682520054,5135.360316149422,10496.543842139075,14097.396526407274,4321.096651738002,48954.224070643475,674.7525302100656,17918.89595123024,10020.036796221588,4810.02826434943,9.820094219023494,7.433682471815208,8.13708637446951,9.744907568336519,5.904536230494364,0.0,6.881101726716402,6.989290413811284,0.8923642318957425,9.695683548949965,1.1425524366761968,4.810138850262801,4.993555552635533,1.5669478036053568
2015-10-05,6821.342944009736,12421.533725845446,15250.98845951607,16032.997375885185,1561.0689635478514,3776.6046139046707,8958.371730283205,10199.385996208883,3390.9925714035444,41205.61057166914,646.0155744329352,12868.666699777015,10105.6146853755,4819.653568937964,9.684565285065645,5.991617080968719,8.295839019410888,9.635368252182893,4.221166308479539,0.0,7.04972058090411,4.196209521628946,1.0897206024017116,9.708777762659096,1.13481062415781,3.0861198857792886,5.057710624665708,2.001403387349435
2015-10-06,6252.931442218737,12977.249087555863,15561.543090878175,16429.82490503917,1798.881623869565,4532.816940581238,8978.642746883224,8561.008195371318,3297.8002312964013,41297.4985600935,728.7916875447249,11474.860772484946,11594.46888917276,4548.993787938196,8.951256435339243,5.882333229557927,7.707288990017567,9.50612195138666,5.002237433683314,0.228672560297567,8.105625169568544,4.1934684412864325,4.283719651223744,9.615189566939828,1.138760388020801,3.61404250759076,8.00950686372379,2.489931897869521
2015-10-07,6422.869996676472,13898.941585710656,16878.933246412736,16856.027772065965,1781.7478305581058,4360.138863579912,9861.759815156638,9245.824719426655,3692.765995828844,41884.86804460482,754.3584668273124,11076.932909715468,11223.146356409257,4630.29193564316,9.500669606465427,6.438025620295328,7.9589471832054715,9.473992397595568,5.2030355569734414,0.0,7.964288472370664,6.724650883001651,1.0664511589286798,9.665067170403203,1.1478461640387074,3.11247302501363,6.478746786208738,2.6961963422849746
2015-10-08,6635.076271586733,12869.288050084395,16957.349524248653,17261.094890142616,2025.801088368151,4637.163584610536,9968.852491122809,8983.253497701859,3775.6729973230636,43026.66089697055,645.9832084619833,12020.418467241452,9028.988221601887,4735.736086051579,9.659012318827312,6.715160464801697,8.404191349071104,9.515475228029024,4.960768171553936,0.0,7.7111880405017,7.46725520743572,1.020775855432098,9.499188640351438,1.1429054021237626,3.6514954989044366,5.079320553085237,2.601464611922278
2015-10-09,7092.6830298262175,15036.498084979754,19012.44770663123,19398.73619462463,1883.8736978170114,4933.217804650502,11556.162926325831,11761.284631932398,4394.764931423482,47469.649554680254,622.0391503073218,16055.540044953084,7068.848799433496,4541.894997732962,9.444921874277036,5.125310065847643,8.65923359893264,9.305207275995437,3.6399573528041858,0.0,7.122041433018463,3.928180924781897,1.0465562072022867,9.329844556444284,1.1640986962479554,3.643439830381575,6.051897674062069,1.682557793141349
2015-10-10,9850.01336867508,22588.081343072514,24262.40384194717,25314.74944722337,4367.67027933136,7216.452796944958,16295.868599231668,19314.935519463485,4157.542926837247,61854.726669976604,807.7456056188963,20068.154065691677,7541.300101758593,4504.058951167239,9.820361813619991,3.7797939771980924,8.574603500939599,8.78713807592147,2.745435885874275,0.5653271289044235,8.37437852746805,3.9281809247818655,1.0465562072022419,8.880920723232713,1.1640986962480235,3.7635049495593638,5.115613420929824,1.6825577931413918
2015-10-11,10580.062251048912,24044.84636812665,25143.011698830025,26809.6518363818,4494.963973136068,6327.815257741975,16469.00081211294,20662.029010728813,4054.0362907783315,60344.0249498138,640.0516260786699,18975.215929043738,6184.091276481283,4439.1483135965955,10.182475827980294,4.3685448530772675,8.25591593556276,8.80624124771389,4.082225671404478,0.0,8.222368228065019,3.9281809247818873,4.303891576424567,8.814943955695774,1.1640986962479534,3.9649164150943914,5.115613420929816,0.6010394439800499
2015-10-12,9136.709496514448,18603.88456365009,21084.237311060715,20146.9101117618,3005.5224927555028,4728.71631927108,11839.773801576725,14887.902154149091,3774.5583459949703,49412.83090489412,369.52780717862487,14294.285403340724,4989.099865061092,4282.602188111863,10.023876936492101,4.368544853077307,8.087743023525789,9.12707954223993,3.639957352804016,0.03710792404177843,7.392349860140906,3.9281809247818447,4.303891576425398,8.96403272275143,1.1640986962479434,4.052859089494304,5.115613420929868,0.6010394439800393
2015-10-13,7862.522371225812,13412.873392816824,15046.742694822049,15599.038645009225,2117.772930580749,3780.1300723056756,8745.924542661209,9368.673310030556,3533.8035215117097,37357.7211095002,492.6955144647463,11437.191695393263,5011.387393929254,4546.567264038837,10.006824750459284,5.181549973095323,7.635526975736125,9.023409147382717,3.8067123770855114,0.3256104272838889,6.74960588333042,3.865735183565509,1.0343865014090021,8.942663343399103,1.1575526839807786,3.945081700687222,5.048803338208809,1.7328482967103995
2015-10-14,6923.715284819712,12812.055095578096,15774.374787446717,16858.22553356718,2404.348726078096,3592.9463068237383,9803.05378898636,9335.567968094872,4035.955122483932,38333.00164664638,645.9184813846605,11726.50034045679,5289.2825888838415,4373.728695971757,9.520184067994391,4.523225574068961,7.676234443945026,8.78800451471691,3.6012941230324844,4.7616947404132075,6.8563789542228,4.046506358938553,0.965152518709856,9.212504314252763,1.1739370837418002,3.9714667758397058,7.2095303195143305,2.7654923182917543
2015-10-15,7167.322927593765,13428.362161656049,16932.90804229104,17610.93913462855,2379.7476035445343,3968.3616297583226,10826.241349697979,9639.218776180323,4369.821088139067,40970.04526959224,718.1969716943082,11946.088129885657,5806.150039659417,4649.789236674221,9.356226597623841,3.3933595271368593,7.946223096483335,9.15330002385723,4.649602263610787,1.907579350384454,6.963380213863685,3.8567464245958094,1.1426609279256121,9.411367240817746,3.3180855778304297,4.242915022403286,7.746726946164577,2.9124814864834985
2015-10-16,7605.426813007091,15915.504294078191,20632.92563455192,17823.31804220353,2529.9527096195156,4190.436481373566,12193.005844558604,10299.351183826022,4538.235415455415,45582.934180574295,769.1820867563853,14496.457853314156,5885.873804864598,4828.202620820878,9.204353413120247,4.534178087959784,8.174843693327523,9.256490465608637,4.486975872069225,0.4680497654890874,6.6904132116715065,3.988305430377133,1.0998734820142237,9.393931521328879,1.1642375265219915,4.236029772815936,6.613119710338675,2.7514237565800714
2015-10-17,8458.110769916822,21553.837419233663,23141.199346027734,23358.08293440058,3071.8445078562927,5280.467692265413,14319.178453760158,17029.56704891589,4556.084399714204,53850.66430799303,892.4199219348192,18783.87440861242,6416.010400776902,4810.406585664308,9.73561578638337,5.032602954335973,8.432093721620857,8.789773660327233,4.486975872069319,0.4680497654892757,6.58020103430202,3.988305430377122,1.0998734820142562,9.379778558772252,4.605291495964522,4.429877000728958,5.234554844078488,2.063609339323906
2015-10-18,8620.199959529966,19093.151380994717,20958.633204734044,24317.18831105342,2344.4464352962837,4659.265468074912,12485.295639983236,17087.502111679954,4618.524571349789,53591.64597384909,728.6456460007277,17700.567926520725,6459.995863309718,4561.786103594088,9.705115899662228,5.234050464022342,8.239025242118972,9.094047836502037,2.4386456972340906,0.0,6.455104592865991,8.0546134011588,1.0998734820144098,9.461746345207787,4.605291495965323,4.1639356121902775,5.234554844078474,2.063609339323808
2015-10-19,7781.9424098979825,14675.524762832456,18162.850566973066,20623.330071077064,2108.5874832940844,4026.9688233224774,11120.128611890676,11996.665907417108,4767.412421809584,47119.23931172825,826.1927046725484,14417.496477646306,5472.256009439796,4358.080407148474,9.655803185527844,5.423186456776542,7.943103349116236,9.437600836205931,3.4813973270977954,0.0,7.845311759516402,8.438364321948683,1.097864332402818,9.539757012962657,1.1592609173353852,4.0444306359874,5.291139776285778,2.172118505854453
2015-10-20,7495.766062575117,14416.056269442646,16931.267827602747,17829.47189499008,2080.098451816208,4874.529376685521,11265.605887590242,9422.773322537598,4499.253859452377,43495.181633546665,857.7065273904642,13340.598827980366,5130.059871657735,4170.20259495124,9.655170449570923,5.772680889895723,7.911022924912463,9.431047840067505,2.4304779741716733,0.933897796010982,6.691400022082345,3.9776533600680994,1.059776728315573,9.540980402760805,1.1815748236864265,4.290014172270868,5.285653307738292,0.6473544203241237
2015-10-21,7494.769167872724,14381.849306650944,17083.921608996494,18327.267379855988,2168.6864788961307,4709.807626167288,10865.055734226806,9724.533585545845,4284.86730917401,44566.949818979454,774.0324010755128,13173.319763419848,6421.7279699335295,4269.868030641071,10.186248252045118,4.883293280191008,8.014623536697076,9.341366126250238,3.6017975430292246,0.0,8.91411611635779,4.0938902386257485,0.9528240433333511,9.552259440306388,1.2046525404424822,4.064976473506958,7.326628741011827,0.3979534326188282
2015-10-22,7552.6308763915395,13691.080898218857,17334.45665932573,19238.160604727807,2022.5674454879547,4295.930439517335,10476.185956830912,9759.212111941724,4217.807422982221,46042.33911752039,848.7897856973781,13109.53827193842,8698.277504516893,4450.819366321679,9.812390265553473,4.51512532119288,8.348525870619032,9.396297877308903,3.641181797897141,0.0,7.880754473408886,4.336924314756113,4.304732583109059,9.74041154438702,1.168760018505214,3.9388512670950133,8.434599513156847,0.7899193444288892
2015-10-23,7230.769219065024,16639.509876512417,19254.217687072978,20884.49160146978,2682.3333624549978,4603.505945267292,11768.94753874649,12725.635734722284,4363.332936956412,50870.54665033292,826.1375144535041,16102.025832417989,10273.017688192114,4218.376758575854,9.774513752756214,6.0421868334140765,8.497119452355388,9.516637909436243,3.9478538163311065,0.5124421568265236,7.624644162017707,4.500792157763064,1.1679155448009642,9.625313349465035,1.168640780693686,4.47053000910267,7.041085621101966,0.7487289110409996
2015-10-24,8160.143144385732,20488.778261850333,20972.50583994563,24660.25183783337,3931.254864065386,5428.773296213184,13773.967292736743,17092.63191844273,4684.767108068533,54992.4193871339,857.6492320271822,20643.07006028591,11897.39132338213,4257.870513551503,9.860632609282378,5.162392903512336,8.370861187229801,9.284136897353141,3.9478538163312105,0.14720331278143606,7.943932193086073,4.500792157763074,1.1679155448008725,9.41423297015041,1.1686407806937116,4.692290510195955,5.359957492639646,0.7487289110409866
2015-10-25,7585.305617465358,19161.771984661533,19447.29400287456,25324.65391801496,3371.928779102108,4609.59391528952,13108.951162328483,17344.682024640093,4451.150400979092,55083.86531804923,773.980695199239,18992.807254636013,11679.427674030967,4134.572415343441,9.594540117695022,5.497787283218518,8.182584865689643,9.41223432568114,2.9153073547183475,0.820352745612221,6.984129265433421,4.500792157763075,1.1679155448008665,9.624505348374266,1.168640780693667,4.8273407414669975,6.679540099614777,0.7487289110410281
2015-10-26,6914.872230698691,15641.92057128065,16038.448615013756,22469.559781309177,2378.482557838528,3940.1488937549243,11659.056089704081,13426.161546816957,4469.345396328422,49249.912322314194,844.2542521503668,14657.18825542099,11324.461369722358,4273.122076164655,9.535890337530539,3.723660933110959,8.045162454983497,9.657663447032164,4.099075808263088,0.7381767875505543,7.197772273973181,4.427935197913533,1.1991671914573272,9.489235389409226,1.1562573425539373,4.040827356984748,8.52268134026545,0.8270471983637793
2015-10-27,6571.485791173212,14593.462358427605,15276.443076131509,19893.702941575008,1727.4489648592537,3533.497655526834,11910.10394174785,9611.700025346941,4332.609524467422,46411.99219797955,888.011819868682,13513.568914965681,10510.200393956127,4216.556255892749,9.617687236627305,3.947910526501043,8.056309190943551,9.718228135274925,4.927312060271937,0.18924224752393526,6.621766427647515,4.424801969880833,3.2571331374489,9.460898183593326,1.165856365457539,4.148407714174031,8.824980153712598,0.6186582146576499
2015-10-28,5971.650417582781,14529.47380625054,16601.215026864033,19702.589029134895,2087.099344586475,3099.5747711677905,10881.617153364732,9662.426494453242,4118.181476616595,47011.11093528117,925.6228040561359,13197.20535137799,9950.358848326754,4026.6314359557728,9.920518651104985,5.892942497065154,8.107329552128983,9.496835506109795,4.306589430946878,0.0,7.836673921340395,4.411422555927931,3.2474315288783417,9.518797321721058,1.1537447601493134,4.3989008035742145,7.773675265428375,0.7604776232524803
2015-10-29,5746.240507494573,14001.425796150317,17746.597837252666,20322.634808969506,2301.3440819756815,3665.759449606169,10463.931298747115,9132.879200217225,3781.299714612265,45788.279901778944,913.2378719108063,13142.979220659494,8565.22481462406,4089.11875102822,9.788325531669654,6.349748029037647,8.334023814525946,9.483762589174013,4.6390734530304565,0.1419347164657565,6.819940420733233,4.6915057637119295,1.162508535371781,9.572950358982425,1.1434950562578667,4.1725041828263745,6.617278032579237,0.8907003677198055
2015-10-30,6083.733442398078,15852.062349310203,19357.66357034906,19909.478022174982,2484.4805572487926,4748.436980153246,11592.289036081655,12029.964961132797,3889.194353806903,49847.784590868054,839.6954347427887,16300.145888558216,7531.862327401682,4203.456741296707,8.841347700800018,7.252889545912678,8.410189841596093,9.118940156388543,4.364395762893244,1.041739842648946,8.2155637589164,4.6531207356501465,1.1471325748745427,9.514954194214155,1.168995271248038,4.704666161367487,5.143352547904075,0.9142694500912527
2015-10-31,9633.097281839318,22182.647341126845,20036.432347974805,22011.32339480716,3233.1535736063515,8016.347674057228,13841.96647155303,18215.513549175277,3762.4503109689363,53442.171747867964,857.548974350942,20607.25677042789,5732.438160487408,4978.38146509879,9.341048186444166,8.454911378906203,8.25900037773208,8.508218605368835,3.3870229866000283,0.7956656354912011,8.037862571107201,4.653120735650081,1.1471325748745098,9.158695762263093,1.168995271248035,5.058231677238485,6.562786252072213,0.9142694500912346
2015-11-01,10206.834185857308,24412.92648028667,21738.10296904894,24970.274565547905,3645.8006602820255,7735.659862633893,14490.162617006397,20582.211573404686,3646.3621152566598,54143.91204878688,870.2986609463409,21004.220249709884,5305.811658990683,5059.540934344369,9.371670601569644,6.599868157223244,8.103575041622207,8.570238110990928,4.284938289958103,1.4135387085631854,7.1369150829524015,4.653120735650057,1.1471325748745493,9.145875280964738,1.1689952712480496,4.995804113712781,6.08291875379477,2.366258500274489
2015-11-02,8070.123668517638,18656.522878447642,18297.683686178905,22810.258671993975,2567.2833215231203,5066.621851487727,11182.146981776405,15383.026009386622,3855.2510036605104,49051.8807041356,793.227212707463,15698.206944200027,5153.693063966492,4625.46119330261,8.998630944930104,5.220195361851223,8.202154722679838,9.332664369421877,4.107688964065937,1.3402084125443068,6.716730325129834,4.625667898658833,1.2094518793291478,9.387640902312997,1.1513740951281695,4.346255868689117,6.102915582545254,2.995677461382041
2015-11-03,6492.721767815463,12354.21918155203,13647.819756700193,17196.866336135678,2191.054237100651,3662.30465821113,7873.054195529134,12035.509882086004,4092.900813380606,41478.797441196766,736.448410601031,11012.239418721696,5914.551890603415,4295.385942982409,9.318973840755472,7.006522220496184,8.170463515067631,9.291558060248006,4.523587491075661,1.635425754081457,7.123345714839117,4.680985059866263,1.2996988049282285,9.507562575440371,1.1385918416863965,4.622773519505593,6.757221971398888,3.44400910279727
2015-11-04,6176.129959350616,12364.378602235867,14551.884146417546,16797.012808073618,1810.087060464413,3516.250521516583,7901.529732571569,10652.006531039317,3874.383930323932,42061.13672691131,638.7171293243782,10848.012839463767,6849.415347861936,4163.32494561955,9.197186889236566,6.609023647777286,8.130791651530503,9.389044955482134,5.12339460761072,0.0,6.51765062253906,8.277414784688833,1.3211994158634797,9.678740098521926,1.1421796882018689,4.759241753790046,5.273221097623406,3.294381922939171
2015-11-05,6108.13733682583,12432.458951056144,15153.050508822196,16722.525474253318,1619.4685304702798,3951.941528911784,8738.211451405185,9597.6849008253,3811.2770675105953,41091.92510097354,721.7742011415755,11799.640585307408,7066.440616093139,4118.277103091652,9.199817680924701,6.217842563023387,8.140489948911089,9.51742378495897,4.914806201377871,2.4295142790382545,6.560083143265707,4.67539019875233,3.3001656791605516,9.55767415553832,1.116627366667763,3.587649533892077,5.2352100509247785,4.128742118519227
2015-11-06,6165.823531288863,14858.770455357295,18399.72487529901,18156.327800669966,2038.5754516861525,5343.908787711047,9462.59131997681,12048.292365639747,3879.7678667191117,45658.021560651185,685.025533972594,14561.357421332195,7935.640832443401,4057.8612818026727,9.367542933878124,6.5407272521213145,8.345791211718451,9.349047359213358,3.4605358334477256,2.7185265635436124,7.524035914406172,9.117592963754179,1.3234813968879617,9.462666454538189,1.1204434618311883,4.295087592506075,6.639820493528375,3.6135748395183986
2015-11-07,6833.18617311516,21425.100356931696,22515.169146276017,22483.4400460483,3068.1359915471307,5833.223740849165,10653.190210606504,17346.17017460507,3794.4433606815314,51148.29220384751,857.0468306793797,18380.38239553766,9015.96153455937,4101.578574501164,9.098855168969097,5.84794450843301,8.473148266505788,9.285080762473381,4.372619792988049,1.4737506794722504,7.661729426464538,6.9291023486790255,1.323481396887971,9.398873108909646,1.120443461831211,4.832962167183016,6.6398204935283,3.2669989961565484
2015-11-08,6732.466658835635,19820.856229736863,20150.04483332268,23375.819022877346,2923.360065322087,4768.039696837077,10206.744148101825,16624.658271264536,4318.915090581427,50017.701724408405,711.6433041228125,16487.740185859206,8896.205653818026,3954.664678991994,9.451325032198714,6.527866223288855,8.22045140549813,9.398119655951191,5.868841930139654,1.473750679472127,7.519194942693225,10.035480433021572,1.3234813968879537,9.572764716408297,1.1204434618311871,4.7029641258763455,7.772657812934035,2.4409409722036512
2015-11-09,6433.298150315285,13315.995468479463,15709.22490775993,20291.51362058582,2421.2450183368464,4325.586897462955,8922.423390532993,13495.885894716763,4087.8564357868177,44741.99930555355,690.5012865098525,13369.219672493662,8105.51258842964,4114.427206013694,9.752979125372013,6.0449983545095645,7.982690332084601,9.71907926013931,5.257379964838854,1.242348187220331,7.624281445332845,7.0435014905396525,1.2667853390913852,9.640210494574138,1.108202087216751,4.083550513977912,6.175370270915877,2.5336394883601363
2015-11-10,5918.958169948759,12238.361298361066,15178.007956647049,18000.653028778564,2916.7898844345877,4542.8755385152135,9849.520169730014,11467.004041076001,3733.2211011609147,44627.114156745345,659.3543434754723,12295.740216086399,7816.2638954178365,3875.185588550454,9.265965030538027,6.135862286974849,8.13034132366194,9.626499939245887,4.394554022588717,0.5565498992701856,7.627910466200621,7.182181755474941,1.324687578906985,9.711532537843505,1.0934803257629175,4.261982800958711,6.166362525292596,2.7077271840386024
2015-11-11,5704.53049951596,13151.347329216916,15867.390362194385,17857.812903792204,2567.386709633239,5109.964678329918,9607.843876709287,9376.903858529126,4001.17720715419,44953.24253891742,631.0457671711911,13855.331405289326,7478.059078383307,4090.5644085554477,9.128911047679708,6.154482385609282,8.108530901403181,9.8488156347978,4.452158352572809,0.5988837664865476,7.478908522208882,8.272440850991169,3.319326238052513,9.625672041322352,1.104601723343389,4.988906192249866,6.189670533538719,2.6203917303316864
2015-11-12,5779.257568454201,13935.142133678342,16807.6498908248,18858.736195029836,2223.985018160828,5374.151774951441,10967.455887218448,9560.288711651365,3688.3324681251815,44594.72666857536,768.8353257217254,14707.631665251276,7076.23001336007,4025.051048165259,9.497186790318205,4.713163297452072,7.945123552143401,10.048883288261644,3.322237206318767,0.0,8.194883956291157,10.98881747294924,1.2291779081260188,9.535398306934917,1.1265875966957353,4.795105800302165,6.272098343206013,2.740135049073475
2015-11-13,5769.936958937518,16737.1941310204,18963.859156743296,20382.368740030422,3085.531494091589,5476.546546725256,12112.323511288138,12577.789918535058,4015.2028644142088,46187.08027531891,864.5643066395601,16102.085602297158,7695.811506393143,3834.554994920975,9.519252603114971,6.564349683179708,8.31510184993376,9.677853379103807,3.548377828483214,0.0,7.642969417666997,5.373768561128685,1.1992850103819042,9.406237643797926,1.1251903113001713,4.915655724904159,7.1243084581982306,1.0963411103943335
2015-11-14,6650.333283372978,21972.643599108746,21740.202383828786,24363.222683415384,3791.277900377975,6185.070354594179,14365.488194091606,18255.901748466138,4256.327426061306,48656.752188643295,951.4212831550798,18583.526171430625,9269.264736268065,3940.4522606098726,9.466880088554662,5.12504177128139,8.353821699426907,9.140198950417979,5.445779280892551,3.103797427523859,8.145172495683834,7.756456022412438,1.1992850103819594,9.30964201888456,1.1251903113001562,5.139673327167538,6.752045051318669,4.5920659718439
2015-11-15,6900.280363250194,18879.217103893832,20109.784758936214,24988.25261732757,3254.095409775058,4681.262090297905,12695.255117005334,18002.4442640677,3744.354642082623,50086.07415536832,778.5907910980171,17234.19543530458,9069.680944495753,3499.8151426141135,9.56604615018282,6.952153995812964,8.103976392164789,9.41847030893214,5.123426886220592,3.103797427522573,7.479370317192283,7.756456022413307,1.1992850103819257,9.650658060253054,1.1251903113001576,5.5192739140022695,7.12430845819813,4.5920659718443515
2015-11-16,6500.101456388985,13437.77116755563,16483.153668365903,20576.590065264394,2759.183461808506,4567.03522112952,9843.24831992613,13204.751945946333,3738.1659560166236,51530.83474013748,804.6825813413941,15095.601196066995,7958.136527913641,3431.024643363585,10.013890023792039,7.68622952721581,8.150543278045587,9.926847872857294,4.535875146079669,1.184495388606421,7.365088801768017,5.4251117381724825,1.1611162363236707,9.823456889355388,1.126808074600683,5.216087337405851,6.253700802219271,4.5112968298973
2015-11-17,5790.630213410568,11214.894682132988,15041.721149980795,17679.641791966973,1951.856944995935,4747.152826525633,8735.045680569536,11108.788690307649,3775.7773124092655,51906.32080654143,726.3865689836243,13915.322551481024,7872.601859427259,3301.166027638168,10.081317174582171,8.05220328475334,8.091378912361154,9.74327116950687,4.508465066288768,0.0,7.219133473241605,5.603540899434016,1.2319713099868776,10.007171458615149,1.1053940724479083,5.231854152135028,6.286063490933196,2.4596521160054174
2015-11-18,5400.123510432277,12010.444352154056,14917.759077403536,17849.87519358967,2230.3406005475417,4895.052941534352,7328.946501447152,9835.397618592488,3994.6563990575714,50925.77470430199,654.547788561302,14281.573859331478,6962.749208438268,3272.0956172659435,9.444319719995523,6.518472670510828,8.189635629532251,9.945271960805504,5.059639031253985,3.130028831285623,7.174773586512383,5.518153034896692,1.2987711750769342,9.97953115182409,1.1043363202842025,4.940015584834855,6.355048632784534,2.537009528699378
2015-11-19,5205.459979291017,12092.001396888409,15540.998602799973,18363.513168113062,2280.5975663437052,4927.644145847475,7937.331474878637,10192.735665020176,4226.476693874039,50243.56244524539,624.9286622538848,13991.913104688516,6878.835863433979,3591.839781634018,9.5607558593255,4.712506182891586,8.369182982253136,10.067613932578107,4.665012742935457,0.0,7.772077389527908,5.31949206048759,1.2866690185668848,9.89746056661043,1.128816876579972,4.520074718940027,6.3830108971412125,1.2801443784973068
2015-11-20,6077.2351476601825,16470.089984100985,17798.04411082717,20293.812943738612,2399.435750699704,5487.049337585176,9609.660623325426,13975.39022997317,4605.234282557091,52384.346874722134,844.3098120180078,14983.379984690688,7127.809069613732,4017.3816258983356,9.564304964758774,4.588454400655535,8.580193599631011,9.748853354467432,4.56154448709175,0.43423913746392007,7.719140954836726,5.1709523160775035,1.3471749303830687,9.747071241995153,1.1414680555653423,4.642552405500766,6.4675179153384335,1.1245052348430535
2015-11-21,8577.874721327202,22113.75110694778,23126.888315786662,24518.67366765902,4131.200450763759,9466.62331347721,14294.88471995436,19863.79964225714,4868.350373329803,55499.56479901954,902.2629969850609,16329.018063766036,10139.436231277361,4706.093973393731,9.517263926849308,4.588454400655535,8.666211753077627,9.168368280883833,4.3999296001096235,1.541779714976704,7.78075789913262,7.180001173702873,1.3471749303831095,9.177505554005876,1.1414680555653614,4.572840444105774,7.835387301055077,1.1245052348430458
2015-11-22,8556.200681228747,23655.006058253948,24542.635800252447,25277.871490112888,4283.661990653123,8760.278664068017,15344.13724381142,20717.6642578503,4711.031333263077,51519.2246274557,755.6042999316728,15502.858775535853,10534.397146126992,4840.378460176782,9.694515985935155,4.58845440065553,8.542404818162442,9.408813071117274,3.1446230722611452,0.7655359660956738,7.776972354966315,5.170952316077572,1.3471749303830807,9.210306570724834,1.1414680555653745,4.499246825656606,7.1764339883317385,1.1245052348430569
2015-11-23,7018.446113407321,17916.970766807484,19911.968103401854,23017.17213987021,3364.079371662628,6662.793252981244,12486.270315684305,15873.003224233113,4588.532908991354,53501.99194744422,462.7965331049323,13119.1059008743,8941.282757959605,4331.177314447181,9.536321632145302,4.895684699666146,8.455228403362051,10.270528587415889,5.207022051303418,0.0,7.879841443226599,7.840031423465315,1.3975876112199632,9.800796656011496,1.1126627259792135,4.633943774749268,5.3976212464377475,2.7352937593354865
2015-11-24,4859.318421529488,12385.501846030738,15142.797998064141,17665.65327258112,2198.3608931963554,5705.520421782152,9032.609777843103,10063.310240143539,4241.67995977792,52701.88559849703,512.2301495664864,13398.423727903912,6903.162816778544,3942.371232404561,9.212211921124236,6.040024266932698,8.215768947539049,10.185900053343472,5.257533400231673,0.8214605464440004,7.3685505989047835,8.627256221054257,1.4800522689968503,9.800599874931901,1.100532143221372,3.805198103587415,6.293140363909115,3.5532900550859656
2015-11-25,4393.807583369382,12131.20886036339,15486.382635530303,15994.130503160563,1930.0977221326293,4809.068356189202,9012.975694083472,8228.318030720051,4275.2599110833835,52453.35269568366,669.5544343024203,13336.787636997557,6937.0429234115145,3428.4572859823043,9.001748194633354,6.4363141690871455,8.193256524304633,9.863765069314836,4.215270777223228,0.0,7.478532771967383,7.230432346275917,1.4983845481013214,9.85603718872522,1.1062719386049373,3.6511707379564444,6.794578230138502,2.755599948975104
2015-11-26,4517.1323533156665,11995.799650890474,14954.826668375938,16511.680361441817,1827.8039214619155,4484.99071164211,8824.411587671933,7816.792963584801,3995.167058391729,51061.85757032725,631.4332179215805,13467.10470060951,7241.811302167591,3008.522361612795,9.539661422552376,5.806101402178876,8.202498645068776,9.850551559612315,4.321882068070313,2.16351650902666,6.470655976098809,9.076084062105217,1.471104598037807,9.778222781036497,1.0899405519431182,3.321355507696948,5.3871192886676535,3.0677853884310133
2015-11-27,5051.09366397973,14811.267267892521,17707.245442101845,17602.419578139412,2043.5874540284728,4547.959083903257,9687.9116409104,10502.157034395117,4086.128954637704,50811.74635957415,637.392422408008,14236.88046146341,7843.650343006674,3270.605129625271,9.213867138860241,6.76983936910406,8.431715773406035,9.694230252596165,3.263147902324129,0.0,6.246238848612314,8.005875206185518,7.885343392978271,9.751414854942864,1.079837496196269,5.4601689008829695,6.840496808537017,1.3030872702883962
2015-11-28,6334.416052582978,21154.99505128501,21185.859668774094,22937.218462258552,3533.5157952252493,6193.31694970736,11899.104295521276,17226.167026480496,3995.07341810594,50750.85821323955,737.0757768475091,18765.19104734808,8950.128639644769,3145.737435292639,9.355006218312504,4.756257224034105,8.49174084762497,9.420759281376291,4.285737978993961,2.7951696148169862,6.726750567935687,5.1456403699381985,4.785863828978515,9.52590337848269,1.0798374961963138,5.075268094723928,5.389388889673341,1.3030872702883616
2015-11-29,5622.906254034592,16136.025156930598,18182.54682968148,21788.601024147734,3430.6601268265226,4915.23383737777,9953.563277286534,15213.421738370193,3793.9311822636973,50793.592924802215,685.7672425093353,15915.929460550291,7918.7629091408035,2924.8624181388004,9.372677783848893,4.756257224034041,8.565390878004042,9.760811909461102,3.263147902324124,0.0,6.7267505679357935,5.145640369938164,4.785863828978652,9.717116317658887,1.0798374961963189,5.070913645973376,5.389388889673313,1.3030872702883531
2015-11-30,4978.12271602812,11819.078274654343,14932.819607221094,14942.890210124126,2013.132548659334,5113.132282808073,7929.677409744261,10662.912458375225,3430.76290586649,54075.87360022069,753.6784635770259,11126.429883006189,6058.906939813866,2939.2676285802995,9.462373904735834,4.815108307400301,8.648791012119247,9.75792610594585,5.004761064706259,1.6957839181409495,6.990731333777562,5.243330528755459,1.5009953460283283,9.921268076783113,1.0750834554109132,3.878739074676727,5.393339346986464,1.3565572142836968
