2015-06-01,6759.541984252852,11009.843925919458,7984.072151890279,6589.427914297374,2569.4084400125703,1508.8710313620022,4475.491799024903,14146.44878769193,4707.501693196659,44677.916826384804,720.1225430214931,3118.2973418045094,8997.942883952453,82.96749230977366,0.0,0.0,363.7820741487159,0.0,0.0,162.86995403182775,64.896294576819,71.37867375605981,0.0,2358.916641796525,0.0,0.0,0.0,119.8438690707692
2015-06-02,4399.541984252848,9527.843925918352,5986.0721518903265,2389.427914296688,1119.4084400123834,1238.8710313619376,3317.491799025165,5062.448787691793,3517.5016931966966,38457.916826384455,352.1225430215198,3176.297341805106,6995.942883952626,0.0,0.0,50.82813789308949,0.0,164.83955714525928,0.0,162.86995403180106,0.0,71.37867375609122,0.0,1480.916641796609,0.0,75.56592998936867,118.7570641502356,47.843869070768136
2015-06-03,4207.541984253003,11073.843925919762,7740.072151891043,3601.4279142976065,1117.4084400125478,1668.8710313619185,5687.491799024697,2538.448787691046,2923.501693196701,42367.916826384964,210.12254302146573,1068.297341804946,6177.942883952792,0.0,0.0,0.0,0.0,0.0,0.0,162.86995403182243,0.0,0.0,0.0,0.0,0.0,75.56592998935017,118.75706415024331,73.8438690707674
2015-06-04,6483.541984252284,12187.843925919133,8088.072151890794,7437.427914297292,0.0,1832.8710313617148,9861.491799025105,7532.448787690914,3953.5016931966125,47899.91682638495,154.122543021507,1302.297341805248,8317.942883952574,108.96749230982823,0.0,50.82813789310481,0.0,488.83955714525155,0.0,162.86995403182215,150.89629457680508,71.3786737560858,0.0,874.9166417964393,0.0,75.56592998937252,28.757064150245924,73.8438690707663
2015-06-05,9271.541984252272,27217.843925918056,15550.072151890019,11393.42791429714,713.4084400122742,3132.8710313616148,11723.491799024681,15602.448787690513,5549.501693196645,74037.91682638424,438.12254302146147,23698.2973418043,7901.9428839524735,0.0,0.0,50.82813789310703,0.0,0.0,0.0,378.8699540318292,152.89629457679416,0.0,0.0,1516.9166417966235,0.0,0.0,0.0,73.84386907076716
2015-06-06,12429.541984252483,57761.84392591824,29772.07215189011,27247.427914296793,4143.408440012303,6318.871031361756,27105.491799024698,37638.448787690126,6179.501693196606,127493.91682638439,1286.1225430214351,50274.297341804035,19275.94288395218,0.0,0.0,50.828137893092006,63.782074148690526,0.0,0.0,108.86995403183357,22.89629457680192,71.37867375605084,0.0,880.9166417965362,25.931042966050814,0.0,28.757064150239387,0.0
2015-06-07,9079.824754345427,36380.08967111733,19084.909465556622,23361.60867475805,2181.028277735039,2721.750690818515,15672.586584088313,29336.33942569128,8124.001271558395,104705.76801887096,724.0876675751113,36655.367244599925,17877.119104658894,364.6683341418484,0.0,0.0,0.0,0.0,137.9274224964663,0.0,40.831022068990364,0.0,0.0,1432.7854974294746,0.0,0.0,78.43246090490952,20.73769538844971
2015-06-08,8583.824754345007,9848.08967111521,6364.9094655559875,8785.608674757323,527.0282777346979,1637.7506908184503,5246.58658408796,11164.339425691207,6898.001271558647,44089.76801886921,584.0876675750852,13655.36724459981,9501.119104658346,94.66833414192297,0.0,0.0,0.0,0.0,0.0,0.0,126.83102206898464,0.0,0.0,1352.7854974294878,0.0,0.0,78.43246090492094,20.737695388452714
2015-06-09,8885.82475434525,5086.089671116442,2256.9094655567187,147.60867475789564,485.02827773474587,557.7506908184923,5464.586584088195,11726.339425691109,4758.001271558512,31877.768018869625,554.0876675751049,2791.367244599902,5457.1191046584145,0.0,0.0,0.0,0.0,0.0,0.0,0.0,40.83102206897172,0.0,0.0,676.7854974293086,0.0,82.44784620371681,124.43246090489339,0.0
2015-06-10,7731.824754344728,7686.0896711150635,5710.909465555964,111.60867475735722,727.0282777345583,1855.750690818421,6060.586584087725,8866.339425690374,4882.001271558446,27769.768018868548,70.08766757505805,14947.36724459893,4269.1191046583845,0.0,0.0,0.0,0.0,0.0,0.0,260.2699540668448,0.0,0.0,0.0,356.7854974294719,0.0,174.44784620378226,32.432460904917,0.0
2015-06-11,9049.824754344809,9348.089671115298,6656.909465556515,2369.6086747582885,203.02827773479316,1425.7506908183302,6532.586584087729,2422.3394256906304,4632.001271558466,24637.768018868814,212.0876675750817,20577.367244600424,4181.11910465865,0.0,0.0,0.0,0.0,0.0,0.0,0.0,82.83102206897212,0.0,18.250305879323,234.78549742934274,0.0,0.0,0.0,0.0
2015-06-12,12613.824754344692,29890.089671115384,13822.909465556206,14681.608674758394,163.02827773473177,2881.7506908183577,8956.586584088038,12066.339425689943,7454.001271558485,62421.768018869,1320.0876675750862,13111.36724460117,9543.119104658337,800.6683341417138,0.0,0.0,0.0,190.6723912655027,0.0,0.0,298.83102206897,181.83394803938404,0.0,1034.785497429346,0.0,0.0,486.4324609048964,44.73769538845089
2015-06-13,20563.82475434466,65270.089671115056,29292.909465555913,40425.60867475778,1739.02827773477,6397.75069081815,19500.586584087574,35330.33942569034,9940.001271558483,115641.76801886864,2174.087667575094,29059.367244599387,19783.11910465823,1926.668334141661,0.0,0.0,0.0,0.0,0.0,206.26995406682695,342.8310220689717,181.83394803940527,0.0,278.78549742930363,0.0,0.0,442.4324609049296,68.7376953884517
2015-06-14,22043.636240950298,43297.00177147104,17549.746779221947,38999.42791429708,2737.7060058461448,3507.5902367606245,15956.397013962258,22918.06602068982,6693.779236731057,93561.17278880635,778.1225430215402,24418.157536213526,17853.393697756594,5057.042281851869,0.0,0.0,0.0,0.0,0.0,0.0,306.96156708462297,0.0,0.0,98.26091996112655,0.0,0.0,169.20732865335026,72.62041249134572
2015-06-15,17503.636240950425,16261.001771470641,6139.746779222032,17117.427914297325,1649.706005846394,637.5902367603444,7204.39701396226,7502.066020689481,2107.779236731053,46983.172788806245,1118.122543021464,6314.157536213786,8531.393697756655,4639.042281851898,0.0,0.0,0.0,0.0,0.0,0.0,220.96156708462877,0.0,0.0,0.0,0.0,0.0,215.20732865335412,120.62041249134481
2015-06-16,15913.636240950545,11443.001771470852,5439.746779222487,8519.427914297179,721.706005846467,1503.5902367606152,4010.3970139622934,8290.066020689597,2265.779236731071,37139.172788805925,974.122543021522,2100.157536214683,5531.393697756547,4395.042281851862,0.0,52.053491859733725,0.0,0.0,0.0,192.13662078022082,0.0,0.0,0.0,460.26091996097693,0.0,0.0,215.20732865334895,72.6204124913504
2015-06-17,15475.636240950216,13299.001771470605,6389.7467792223815,3805.4279142977775,0.0,799.5902367605986,4664.397013961737,7222.0660206888815,2423.779236730975,36699.17278880518,546.1225430215002,4026.1575362141884,4297.393697756601,4421.042281851896,0.0,0.0,0.0,0.0,0.0,0.0,4.961567084625358,0.0,175.07336810698303,896.2609199608291,0.0,0.0,31.207328653352874,24.62041249134572
2015-06-18,17067.636240949872,16071.001771470026,6985.746779221605,0.0,0.0,907.5902367602939,8024.397013961637,550.0660206885386,2265.779236730903,44165.17278880438,178.12254302148153,6182.157536213765,5707.39369775619,4741.042281851895,0.0,114.05349185974998,0.0,0.0,108.9625666169858,84.13662078018157,48.96156708461734,0.0,0.0,1618.2609199610429,0.0,15.802097560533923,31.207328653356747,0.0
2015-06-19,18625.636240949912,27145.001771470277,14701.74677922175,10297.427914297066,0.0,3121.5902367604263,12978.397013962069,11370.066020688111,6127.779236730896,66331.1727888055,1140.1225430214895,7966.157536213703,10623.393697756426,6499.042281851807,0.0,0.0,41.512470907975285,0.0,0.0,246.13662078018874,132.961567084631,0.0,0.0,580.2609199610647,0.0,0.0,0.0,0.0
2015-06-20,22679.636240950236,57393.00177147068,29627.746779222267,43883.42791429724,8187.706005846276,6969.59023676049,18716.397013962232,36600.066020689184,10027.77923673105,116189.17278880646,802.122543021485,41416.157536213635,17673.393697756495,8969.042281851898,0.0,176.05349185975442,0.0,0.0,0.0,192.13662078019948,348.96156708462115,0.0,0.0,660.2609199609401,0.0,61.802097560534406,31.207328653350146,0.0
2015-06-21,20031.730497647586,46571.282489619305,18984.58409288755,45257.00226157784,7368.945681291093,5322.7105773039775,10688.460204004079,26819.683253686897,9485.612710610387,84840.06563390169,286.34202700587707,31385.646855780968,15580.569918462188,9519.855307996868,0.0,0.0,0.0,0.0,0.0,148.73662074517026,0.0,0.0,0.0,1403.0477861637646,0.0,0.0,34.88272540802133,22.67905393989585
2015-06-22,20823.730497647462,18179.282489619487,6262.584092887066,15305.002261577782,466.9456812908363,2348.7105773037747,5214.460204003982,6187.683253686974,6943.612710610476,37344.065633899605,144.34202700585718,9707.64685578021,9938.569918462232,10563.855307996873,0.0,0.0,0.0,0.0,0.0,310.736620745177,0.0,0.0,0.0,1085.0477861635609,0.0,0.0,170.8827254080274,70.6790539398948
2015-06-23,19869.730497647884,7601.282489620582,1708.5840928880752,2789.002261578189,0.0,1644.71057730401,3404.46020400415,1363.6832536873717,4549.612710610464,27776.06563390043,800.3420270059021,4487.646855781042,6210.569918462366,11249.855307997012,0.0,361.6450405375323,0.0,0.0,0.0,148.7366207451831,102.9180520794238,0.0,0.0,2517.047786163529,0.0,0.0,34.88272540802828,120.67905393990561
2015-06-24,19071.730497647695,8603.282489619927,2160.5840928877133,3073.002261578342,0.0,1158.7105773039425,6502.460204003935,3157.683253687068,1851.6127106104354,31884.065633900667,544.342027005928,3529.6468557809985,6620.569918462297,10913.85530799685,0.0,51.6450405375215,0.0,733.2833359720778,70.53901577702081,0.0,0.0,0.0,0.0,1243.0477861636332,0.0,109.97551106133355,0.0,22.679053939898736
2015-06-25,20901.730497647568,13357.282489621064,6912.584092888008,4009.0022615780927,0.0,2080.7105773040307,4868.460204004339,747.683253686806,3269.6127106103286,33636.06563390179,942.342027005883,6559.646855781197,6850.569918462691,13527.855307996906,0.0,175.64504053753421,0.0,0.0,0.0,0.0,102.91805207940946,0.0,0.0,685.0477861636818,0.0,109.97551106134593,0.0,70.67905393989926
2015-06-26,21643.730497647462,25977.282489619145,16782.584092887344,15869.002261578356,1192.9456812908295,2026.710577303886,10906.46020400355,1697.6832536859565,7227.612710610394,67256.06563390087,1112.3420270059105,8701.646855781459,7394.569918462252,14555.85530799682,0.0,113.64504053754861,0.0,0.0,0.0,0.0,16.918052079409307,0.0,0.0,681.0477861635227,0.0,155.97551106135447,0.0,22.67905393989882
2015-06-27,26573.73049764789,64441.282489620775,34206.58409288825,39721.00226157915,4262.945681291025,4836.71057730396,21810.460204004412,24463.68325368696,8729.612710610541,121160.06563390231,1086.3420270059296,22643.64685578126,11530.569918462721,15589.855307997035,0.0,0.0,0.0,0.0,110.53901577705872,202.7366207451413,0.0,0.0,0.0,1123.047786163776,0.0,17.97551106132616,80.88272540803858,96.67905393989484
2015-06-28,21575.919011043,41440.405362219746,19887.373642565675,39636.89726784684,3323.7886022903785,1902.4698962173188,12590.912811472821,21539.57389168698,4991.557201903603,71475.70251657802,1305.3943401755032,13922.157536214529,4940.061780423636,13409.995228263644,0.0,0.0,0.0,0.0,0.0,181.5366208152416,7.950688333324592,0.0,0.0,768.4903742017555,0.10036035758113782,61.802097560588834,102.38008037689278,87.7488046032482
2015-06-29,12953.919011042693,4146.4053622175015,3367.3736425646675,13074.897267845743,779.7886022902185,228.46989621687908,3370.9128114724554,461.57389168656846,847.5572019036172,8121.702516574936,425.3943401755485,132.15753621367367,2394.0617804232297,11485.995228263731,0.0,0.0,0.0,0.0,0.0,0.0,7.950688333304669,0.0,0.0,1408.4903742018741,0.10036035757987172,0.0,56.38008037690335,0.0
2015-06-30,6989.919011042186,0.0,0.0,6158.897267846234,419.78860229024053,0.0,194.9128114725154,0.0,0.0,0.0,153.39434017544738,0.0,0.0,3183.9952282637587,0.0,0.0,0.0,0.0,0.0,0.0,0.0,0.0,0.0,1208.4903742018078,0.1003603575823595,403.80209756057974,6.380080376896345,25.748804603239265
2015-07-01,7495.919011042359,2332.405362218349,0.0,10396.897267846263,293.78860229017755,0.0,944.9128114723808,0.0,0.0,0.0,531.3943401755066,2590.157536214125,0.0,3775.9952282634995,0.0,0.0,266.8604871117748,0.0,0.0,0.0,93.9506883333111,0.0,0.0,814.4903742018018,0.10036035758013817,443.8020975605597,0.0,143.7488046032442
2015-07-02,8281.919011041951,10428.405362218244,491.37364256475485,11398.897267846223,0.0,0.0,688.9128114724735,0.0,0.0,1417.7025165754676,245.39434017550906,3676.157536214163,0.0,6755.995228263651,0.0,40.01123524867471,220.8604871118199,0.0,0.0,0.0,93.95068833332274,31.02086802268741,0.0,1098.4903742017655,0.1003603575826526,79.80209756057442,0.0,173.74880460324172
2015-07-03,13223.91901104248,21646.40536221805,12413.373642565417,20544.897267847227,0.0,1640.4698962170582,5836.912811472695,3121.573891686163,1189.5572019035417,25225.702516576705,961.3943401755103,10182.157536214552,1366.061780423759,8173.995228263613,0.0,0.0,506.8604871118141,0.0,0.0,199.53662081518922,0.0,31.020868022665425,31.896430334636158,992.49037420171,26.10036035758047,79.80209756052807,120.38008037688118,127.748804603248
2015-07-04,16933.9190110422,50992.40536221834,20741.373642565133,52370.89726784642,4235.788602290155,6188.469896217106,11232.912811472515,22223.573891686043,2625.5572019035562,78391.70251657424,1197.394340175496,32182.157536213672,5242.061780423666,8339.99522826368,0.0,0.0,506.86048711178387,0.0,0.0,627.5366208152255,0.0,0.0,119.89643033464452,0.0,26.10036035758326,119.80209756057053,322.38008037689985,83.74880460324519
2015-07-05,17453.824754345438,33819.24751666847,12793.373642565402,40265.85356701675,2443.5076286239005,3417.0286475580533,7690.912811472719,15801.464529686415,1745.5016931966688,68426.80967148121,638.6312618831315,16204.808022238472,3539.5125942277464,8040.808254408694,0.0,0.0,316.8604871118571,0.0,0.0,276.66995427693905,59.950688333313025,0.0,0.0,1849.7035079989764,0.0,0.0,8.830344880007644,37.80744605179708
2015-07-06,13047.824754344809,11703.247516665982,5131.373642564609,16317.853567015729,0.0,0.0,2830.9128114724963,0.0,377.50169319663064,23588.809671479412,0.0,0.0,267.51259422744624,6358.80825440852,0.0,0.0,460.8604871117833,0.0,0.0,0.0,189.95068833331902,0.0,0.0,2569.7035079991865,0.0,127.39251648854261,8.830344880006805,0.0
2015-07-07,12187.824754344743,5433.247516666655,4223.37364256462,4069.853567016118,553.507628623858,0.0,2272.9128114725454,0.0,0.0,10636.809671479932,0.0,0.0,0.0,2594.808254408478,0.0,0.0,792.8604871117518,0.0,0.0,0.0,93.9506883333053,0.0,0.0,2423.7035079990646,0.0,207.39251648857754,0.0,0.0
2015-07-08,12605.82475434491,6633.247516666455,3893.3736425650477,2685.8535670161546,0.0,0.0,3338.9128114724417,0.0,0.0,4342.809671480289,0.0,0.0,0.0,2264.8082544085037,0.0,0.0,222.86048711187004,956.3957783181625,0.0,198.66995427694278,481.95068833333295,0.0,0.0,1527.7035079993148,0.0,85.39251648855935,0.0,7.8074460518016835
2015-07-09,12561.824754344892,24631.247516665997,5841.373642565168,0.0,0.0,0.0,4020.912811472429,0.0,0.0,5612.809671479583,0.0,0.0,0.0,4032.8082544085723,0.0,38.78588128200501,650.8604871117627,0.0,0.0,0.0,189.95068833332107,0.0,0.0,1275.7035079992274,0.0,0.0,0.0,0.0
2015-07-10,14097.824754344747,31831.247516667354,6739.373642565153,4827.8535670160345,0.0,617.0286475577914,5968.9128114727,1537.464529684581,503.5016931965574,26020.80967147985,0.0,1684.8080222379522,1563.5125942269697,4990.808254408546,17.00949206185902,38.78588128200316,696.8604871118081,1462.3957783183048,0.0,0.0,0.0,0.0,0.0,633.703507999086,0.0,0.0,8.830344880007999,7.807446051795182
2015-07-11,20637.824754344994,55013.24751666745,22685.373642564835,26841.85356701634,3071.507628623688,2601.028647557887,13424.912811472674,19451.464529685487,3513.5016931965347,73144.80967148009,1074.6312618831057,17574.808022237376,5831.512594227193,6916.808254408611,0.0,0.0,740.8604871117597,0.0,0.0,0.0,0.0,0.0,54.10219589155258,455.7035079992802,0.0,0.0,8.830344879996943,37.80744605179509
2015-07-12,16073.050091411604,40400.15961702195,15750.34976057117,22448.215087937828,1312.2845453466612,533.1891016156678,10110.270633878325,13250.97240068323,3455.0021148347814,75247.3215963215,1027.1399807446908,12716.017730623329,4289.787187325246,8831.481360286714,0.0,213.27884582639138,665.6692968341291,0.0,0.0,0.0,197.0485970950361,22.524876580972403,0.0,1888.3920643280794,0.06649687927500825,0.0,93.60521262845117,74.79633683700081
2015-07-13,12627.050091410909,11664.159617020156,1274.349760570005,2358.2150879361943,12.284545346544292,0.0,4758.270633877531,0.0,2611.0021148347223,41401.321596319714,1029.1399807445912,4868.017730622549,2025.7871873249933,7541.481360286631,0.0,43.27884582640881,0.0,748.0614465587566,0.0,0.0,65.04859709505666,22.52487658098854,0.0,3034.3920643282104,0.06649687927422976,104.0382651317363,0.0,208.79633683700337
2015-07-14,10123.050091411515,6764.159617021134,708.349760570045,978.2150879368965,0.0,803.1891016157388,3754.2706338779517,0.0,1041.0021148348574,40435.32159632079,827.1399807447672,5504.017730623627,0.0,5547.481360286913,52.57744719377405,43.278845826411455,0.0,1754.061446558666,0.0,0.0,99.04859709504376,22.524876580994643,0.0,3892.3920643281203,0.06649687927610604,226.03826513175161,0.0,192.79633683701223
2015-07-15,8103.050091411882,12070.159617022211,1508.349760571171,1772.2150879378787,0.0,415.18910161575286,1580.270633878301,0.0,975.0021148348278,75893.32159632142,395.13998074470805,1840.0177306237783,0.0,4887.481360286669,0.0,0.0,0.0,1334.0614465586395,0.0,0.0,165.04859709508335,0.0,0.0,4504.392064328248,0.06649687927553938,0.0,0.0,14.796336837009285
2015-07-16,10033.05009141114,17708.15961702154,4874.349760570562,0.0,96.28454534658067,215.18910161557324,2132.27063387781,0.0,1991.0021148348483,73041.32159632276,565.1399807446751,1750.0177306235455,2649.7871873252416,6143.481360286685,0.0,0.0,0.0,828.0614465587832,0.0,0.0,197.04859709503307,404.5248765809913,0.0,3396.3920643281817,0.06649687927545278,0.0,0.0,14.79633683700424
2015-07-17,17647.050091411613,24104.15961702237,14000.349760570974,5002.215087938166,724.2845453467532,1545.189101615662,9132.270633878072,2882.9724006826873,2009.0021148347867,73101.32159632217,885.1399807447069,13564.017730624635,5383.787187325595,7861.481360286666,338.5774471938013,43.278845826390295,0.0,410.06144655867047,0.0,96.80328756360787,229.0485970950751,0.0,0.0,2428.392064328146,0.06649687927539061,106.03826513174107,0.0,44.796336837000986
2015-07-18,35221.050091411336,73046.15961702149,37390.34976057074,45256.21508793733,5212.284545346747,12749.189101615517,29508.270633878026,35104.97240068243,4461.002114834866,144971.32159632136,2333.1399807446824,53596.01773062337,19339.78718732535,11267.48136028666,380.57744719377916,43.27884582639164,241.66929683419653,0.0,0.0,96.80328756357103,131.04859709505234,0.0,0.0,1174.3920643281876,0.06649687927503534,790.0382651317593,65.60521262843855,44.79633683700354
2015-07-19,38930.861578016826,86318.72105332131,41775.18707423666,64226.57660885984,5163.342435736199,10063.98853404354,33444.78643138903,58770.53495268016,3508.8910974211403,147967.2560940289,1474.6661373294924,54807.598313852264,22988.33637352162,13108.668334141905,302.6439156350676,156.46194318195788,0.0,0.0,8.303507377772519,0.0,134.0377183437646,102.34597371431198,0.0,0.0,0.26967774911254194,464.74676784537115,321.1549481253544,46.73769538845315
2015-07-20,22954.861578017135,45870.721053321635,25243.18707423681,45982.57660885918,507.34243573620006,3367.9885340436294,17592.786431389508,47604.53495268112,3180.891097421085,89207.25609402973,752.6661373295645,27707.598313852515,14088.336373521775,12038.668334141785,0.0,0.0,0.0,0.0,0.0,39.13662095527401,36.037718343745496,144.34597371427623,34.365617017623045,1354.0969411004985,0.2696777491130087,0.0,0.0,2.7376953884564124
2015-07-21,9660.861578017044,16676.721053321067,11525.187074236674,20480.57660885879,0.0,259.9885340434571,3190.786431388815,14118.534952681166,2250.89109742112,36707.25609402887,234.66613732951902,11295.598313852326,6764.336373521663,10842.668334141765,0.0,0.0,0.0,0.0,0.0,0.0,36.03771834376414,228.3459737142789,0.0,2458.0969411005785,0.269677749111767,24.746767845367486,0.0,0.0
2015-07-22,8208.861578016404,14056.721053321027,8307.187074236484,10710.57660885951,0.0,101.98853404318606,3118.78643138839,3630.5349526795817,1322.8910974210216,37665.25609402729,638.6661373294389,12667.598313851542,5156.336373521446,10136.668334141754,0.0,324.4619431819481,0.0,659.7271147990132,0.0,0.0,36.03771834375806,0.0,0.0,2098.096941100562,0.26967774911304776,104.74676784535191,0.0,46.737695388451314
2015-07-23,8654.861578016167,14570.721053320229,9581.187074236279,12722.576608858757,0.0,759.988534043121,4224.786431388324,7062.534952678965,2560.891097420933,40257.256094026925,664.6661373294968,15287.598313851495,3746.3363735214743,10918.66833414174,16.643915635040344,324.4619431819889,0.0,1037.7271147991657,0.0,0.0,70.0377183437376,0.0,0.0,1640.0969411004162,0.26967774911272757,24.74676784535714,5.1549481253424005,0.0
2015-07-24,13440.861578016471,36622.72105332019,20563.18707423654,23166.576608859265,0.0,2083.98853404332,8414.786431388671,15470.534952679187,4172.891097421172,52659.25609402832,1558.6661373295215,28553.598313852755,6250.336373521219,12062.66833414177,0.0,324.46194318194694,466.53449521376183,73.72711479908162,0.0,311.13662095530213,0.0,16.345973714313665,78.36561701761984,1174.0969411006054,0.2696777491129101,0.0,351.1549481253205,0.0
2015-07-25,24008.861578016033,59876.72105332096,36417.18707423666,41534.57660885896,2521.3424357360445,3947.98853404324,15486.786431388628,36526.53495267991,5724.891097421063,91455.25609402668,2194.666137329487,44895.598313852155,14804.336373521495,12984.668334141723,564.643915635032,212.461943181992,1836.5344952136766,0.0,0.0,0.0,38.03771834373097,16.345973714273157,78.36561701762307,1386.0969411002288,0.26967774911214315,0.0,351.15494812534223,92.73769538845363
2015-07-26,25186.484551227037,48212.9667985182,26325.83781957424,50565.18302203939,3430.763896235908,2927.908307014336,15569.754836367829,45962.48027168111,5194.391519059327,85456.95847899673,1515.3943401755105,38692.528411056686,15279.434745914068,13300.593544599815,0.0,39.194332604205705,935.0737016952938,0.0,1.2094861574382918,0.0,160.0594758463684,0.0,0.0,2535.8346523662667,0.10036035758186501,0.0,114.25441911911135,91.96115196787352
2015-07-27,21872.484551227244,32648.96679851864,16243.83781957313,36351.18302203936,1248.7638962358317,3863.908307014286,10417.754836367929,30730.480271680848,3888.3915190591974,50422.958478996654,445.39434017549934,28378.52841105694,9479.434745913883,12504.593544599873,0.0,0.0,1271.0737016952128,305.1161700923335,1.209486157424962,72.06995431198187,160.05947584634538,0.0,0.0,2567.8346523661394,0.10036035758118689,137.86485163095514,30.25441911911571,91.96115196787218
2015-07-28,19350.484551227222,24158.9667985181,13255.837819573848,21259.18302203853,408.7638962357987,2889.9083070144934,6391.754836367658,23212.480271679568,3932.3915190593157,44584.95847899759,991.3943401755755,24746.528411057578,6375.434745914002,12978.593544599895,0.0,0.0,1269.0737016953294,95.11617009232555,1.2094861574539095,188.0699543119708,258.05947584637454,0.0,0.0,4037.8346523663577,0.10036035758085826,297.86485163095756,174.2544191191198,91.96115196787956
2015-07-29,17944.484551226913,26496.96679851602,11699.837819573877,21085.183022038724,366.76389623569685,357.9083070142565,5973.754836367427,23336.480271679357,3446.39151905937,36468.95847899657,185.394340175514,25476.528411057243,4999.434745913815,13174.593544599982,0.0,0.0,323.0737016952818,179.1161700922578,0.0,0.0,228.0594758463539,15.573610855978004,0.0,2357.834652366323,0.10036035758219342,177.86485163098172,28.2544191191175,31.961151967873146
2015-07-30,18256.484551227295,33332.96679851775,13833.837819573617,26783.183022039808,828.7638962356893,1211.908307014387,6847.754836367507,19818.480271679884,2988.3915190593257,35286.958478995875,989.3943401754719,19802.52841105758,5773.434745913793,12990.59354459991,32.77685251751075,0.0,417.0737016952452,1351.1161700924065,85.20948615743993,0.0,96.05947584635771,0.0,36.21750702986059,1429.8346523660266,0.100360357582022,0.0,28.254419119117472,61.96115196786491
2015-07-31,15278.484551226644,25036.966798517133,16421.837819573237,17199.183022038924,360.7638962356673,415.90830701435334,6403.754836367394,13908.480271679215,2238.3915190591933,28110.9584789955,957.3943401754709,12692.528411057207,1725.4347459135497,9938.593544599831,154.77685251751814,0.0,45.0737016952952,275.1161700923876,89.20948615744493,0.0,108.05947584635065,9.573610855951927,22.217507029859114,545.8346523661235,0.10036035758156214,0.0,0.0,43.961151967874784
2015-08-01,20984.48455122712,38088.96679851774,24987.837819574026,30049.183022039033,1534.7638962357066,2609.90830701448,13411.754836367674,20922.480271680102,2824.391519059295,63460.958478996225,1977.3943401755007,21354.528411057014,7015.434745913883,9366.5935445998,122.77685251754076,0.0,0.0,0.0,31.209486157434796,70.06995431196331,58.05947584635834,0.0,0.0,21.834652366226692,0.1003603575825962,0.0,4.254419119112313,0.0
2015-08-02,14544.086915083095,26419.739007059914,19778.813937579587,28521.544542960793,599.7391901812862,931.6676259275155,14116.08106375234,25842.042823677137,2730.224992938571,59635.190591734696,864.4466533451315,13506.340063537187,6755.1601528156125,9883.630939370829,0.0,0.0,0.0,0.0,54.0679989785082,0.0,0.0,0.0,0.0,0.0,0.5067220972542108,0.0,57.479551370671714,0.0
2015-08-03,17462.086915083106,18365.7390070591,10776.813937579118,26005.54454295933,0.0,593.6676259273036,11004.081063752321,27660.042823677242,2566.2249929386444,37531.19059173345,184.4466533451024,2836.34006353742,5581.16015281549,10213.630939370683,214.21187076695827,0.0,0.0,0.0,56.06799897848711,0.0,0.0,0.0,0.0,0.0,0.5067220972572859,0.0,199.47955137066043,10.349423678167621
2015-08-04,15240.086915083175,20963.73900705872,5990.813937579142,22597.544542959993,0.0,905.6676259275905,7778.081063752123,28600.042823677093,1660.224992938683,33731.19059173409,284.4466533451308,0.0,7409.1601528155115,10191.63093937073,0.0,60.25066012652395,0.0,0.7818383328142318,0.0,0.0,51.17914211072315,0.0,0.0,0.0,0.506722097255421,0.0,39.47955137066941,10.34942367815577
2015-08-05,12318.086915082558,25041.739007059914,5440.813937579394,18823.54454296024,0.0,831.6676259272958,8450.081063752183,26448.042823677206,1950.2249929385955,41347.19059173345,164.4466533450776,3556.340063536916,6717.160152815413,10361.630939370665,22.2118707669228,60.250660126525915,0.0,0.0,0.0,0.0,51.17914211068691,0.0,0.0,29.80181787297215,0.5067220972562159,0.0,5.479551370672866,84.34942367816562
2015-08-06,14332.086915082915,24449.739007059623,7302.8139375794035,24623.544542960324,855.7391901809808,1091.6676259273254,8098.081063752425,17966.04282367662,1682.2249929385212,51603.19059173412,984.4466533450627,11710.34006353742,4993.160152815413,9105.630939370769,70.21187076693565,234.2506601265385,0.0,0.0,0.0,0.0,225.17914211071027,0.0,0.0,0.0,0.5067220972562798,0.0,3.4795513706867496,122.349423678161
2015-08-07,15612.086915083184,35563.739007059165,11236.813937578987,28831.54454296021,1057.7391901812998,1373.6676259273377,10010.081063752114,23270.04282367611,2326.22499293873,54309.190591734834,844.4466533451384,15140.340063537837,3631.1601528154624,8635.630939370623,52.21187076698976,24.25066012652951,0.0,0.0,226.06799897850266,0.0,0.0,29.39470798927197,0.0,0.0,0.5067220972567095,0.0,111.47955137065688,134.34942367816757
2015-08-08,20506.086915083237,42923.73900705994,20006.813937579383,34015.54454296037,2371.739190181204,4565.667625927294,15950.081063752297,29892.042823677355,1420.2249929385985,58493.1905917352,644.4466533450977,31380.340063537602,5907.160152815639,10601.63093937075,152.21187076689728,0.0,0.0,0.0,54.067998978515995,0.0,149.1791421106905,135.39470798924816,0.0,551.8018178728403,0.5067220972559778,0.0,5.479551370662676,0.0
2015-08-09,15939.291642795748,51483.24751666564,19218.301996582384,37408.69323752177,3711.8217866249433,3060.30660429731,17759.628456283794,33700.31622867897,1011.3368536286648,47017.42270447313,2.481528791543269,40328.108994285096,9382.885559717288,10359.25699166081,533.0819072657337,0.0,0.0,0.0,99.45640569791422,0.0,0.0,61.2565222809601,0.0,33.76898337953753,0.7776299237059617,0.0,0.0,0.0
2015-08-10,15713.291642795799,42793.24751666679,13382.301996582175,35316.69323752259,3737.8217866251985,3990.3066042971623,17317.628456283972,37088.316228679076,1631.336853628628,55237.42270447155,0.0,41922.10899428517,13802.88555971759,10465.256991660783,419.0819072657825,0.0,51.28691627870876,0.0,41.456405697928595,0.0,0.0,0.0,0.0,0.0,0.7776299237056603,200.57335434455672,4.70468362222546,0.0
2015-08-11,16911.291642795484,32339.247516667325,9242.301996582231,30546.69323752205,4337.8217866251725,3244.30660429733,15115.62845628393,34462.316228678945,2381.336853628687,51661.422704472374,1582.481528791472,50374.10899428603,16522.88555971765,9941.256991660768,453.0819072657693,0.0,81.28691627874423,0.0,41.45640569791382,0.0,0.0,0.0,0.0,137.76898337938746,0.7776299237057727,74.57335434458821,0.0,0.0
2015-08-12,20201.291642795855,36665.247516666495,14980.301996582193,36782.69323752249,7031.821786625134,4788.3066042972705,19541.628456283743,33442.316228678385,2473.336853628699,66635.42270447177,1962.481528791533,50340.10899428654,19898.885559717783,11783.25699166072,435.0819072657961,0.0,211.28691627872922,0.0,0.0,0.0,10.14650585679317,0.0,0.0,0.0,0.7776299237059489,0.0,0.0,0.0
2015-08-13,25603.291642795688,46875.247516666306,24492.30199658244,44538.69323752278,7087.821786625161,6542.306604297072,23781.628456283775,34280.31622867864,2489.3368536287535,78523.42270447341,2062.4815287915444,49478.108994286005,21440.88555971766,11643.256991660706,567.0819072657765,0.0,177.28691627867227,0.0,41.4564056978989,0.0,60.146505856805305,0.0,0.0,0.0,0.7776299237055633,2.573354344543418,0.0,0.0
2015-08-14,19427.291642796234,49759.247516667296,27458.301996582974,47022.693237523155,6171.821786625296,6928.30660429743,20339.628456284056,32914.31622867927,2879.3368536286735,70479.42270447477,1802.4815287916101,44562.108994286566,20606.88555971778,11629.25699166057,665.0819072657481,0.0,0.0,0.0,0.0,0.0,0.0,0.0,0.0,0.0,0.7776299237062938,102.57335434456172,58.704683622219704,0.0
2015-08-15,11535.291642795522,53245.2475166675,23772.301996582908,38868.69323752279,4657.8217866250725,3708.3066042971996,15437.628456284016,26710.316228678887,2187.3368536287444,62757.42270447249,482.4815287915634,38898.10899428562,17212.885559717735,10961.25699166084,583.0819072657907,0.0,0.0,0.0,43.45640569790364,0.0,108.14650585679811,0.0,0.0,0.0,0.7776299237060948,154.57335434455467,94.70468362222222,0.0
2015-08-16,15177.144348109327,42732.089671117414,11177.000505908223,40309.54454296082,2702.846492679738,1530.068761072418,12823.302228899232,28274.534952680406,2446.669062593537,65545.70251657603,168.95537220672145,31526.34006353788,11849.512594227626,9933.4065707448,0.0,0.0,0.0,0.0,0.0,0.0,17.026839592433078,0.0,0.0,0.0,0.5744490538678231,204.87227598618387,0.0,18.019793416425593
2015-08-17,14427.144348109536,27776.089671116366,6451.000505908054,40081.54454296098,2156.846492679708,962.0687610723089,13595.302228899256,32608.53495268163,2594.66906259368,63957.70251657578,468.955372206709,28760.340063538148,11957.512594227805,10557.406570744892,0.0,0.0,0.0,0.0,0.0,0.0,167.02683959245405,0.0,21.188679245284636,0.0,0.5744490538677092,0.8722759861638565,48.83034487999839,0.0
2015-08-18,14975.14434810862,16056.089671115466,6351.000505907963,34845.54454296046,2274.8464926795623,1372.0687610720756,11309.302228898869,27224.534952680122,2324.66906259369,57105.70251657541,668.955372206705,23528.340063537784,9999.512594227264,9561.406570744835,0.0,0.0,0.0,0.0,0.0,0.0,117.0268395924482,0.0,21.188679245286327,0.0,0.5744490538676359,0.0,314.8303448800079,0.0
2015-08-19,12965.144348108679,10006.089671114598,5801.0005059079685,28231.544542960313,1614.8464926796073,990.068761072152,8835.302228899116,24356.53495267967,2294.6690625936053,48149.702516575024,368.9553722066935,16010.340063537833,8987.51259422723,10029.406570744817,0.0,63.56052731535857,0.0,0.0,0.0,34.20328759858438,67.0268395924638,10.34597371430013,0.0,0.0,0.5744490538697581,0.0,0.0,0.0
2015-08-20,14255.144348108928,15392.08967111585,5279.000505907945,25631.54454296089,642.8464926795123,958.0687610722662,8859.302228899174,21996.534952680347,2218.6690625936367,47169.702516576355,648.95537220675,15614.340063537866,8707.51259422772,11557.406570744912,0.0,0.0,0.0,0.0,0.0,34.20328759859669,17.026839592429354,0.0,21.188679245279793,14.490374201765007,0.5744490538679826,0.0,0.0,0.0
2015-08-21,13341.144348108388,22000.08967111333,9681.000505907185,23087.544542959848,1928.8464926792517,1966.0687610720652,9453.30222889879,18288.53495267877,1736.6690625935198,56091.702516574835,628.955372206667,24360.340063537587,6575.512594226961,11325.406570744832,0.0,0.0,0.0,0.0,0.0,0.0,0.0,0.0,0.0,0.0,0.5744490538685816,0.0,0.0,20.019793416427127
2015-08-22,14663.14434810921,38650.08967111593,18741.000505908207,31357.544542960084,2990.8464926797446,3150.0687610722234,11061.30222889924,21726.53495268003,2566.669062593568,73177.70251657633,1268.9553722066844,31604.34006353785,8085.512594227377,11349.406570744866,0.0,0.0,0.0,0.0,162.59789287687806,0.0,43.02683959243845,0.0,0.0,0.0,0.5744490538688446,0.0,0.0,20.019793416427664
2015-08-23,12768.673064622135,44814.96679851753,14910.536328899581,37829.54454296069,1460.7473040682357,2295.908307014536,11099.818026409623,14727.824099676303,4231.224149662401,79236.95847899615,1001.324589282703,27731.738119442714,12728.020732266199,12246.817913225843,0.0,0.0,0.0,0.0,0.0,0.0,70.01596084113868,0.0,0.0,0.0,0.0,88.5106002741557,55.33298991113536,24.29078222960848
2015-08-24,12312.673064621704,26514.966798517682,6272.536328899443,34267.54454296038,1748.7473040682999,379.908307014452,9441.818026409837,17331.82409967632,4593.224149662298,62396.958478996115,701.3245892827027,19447.738119443275,11764.020732266097,12864.817913225903,0.0,0.0,0.0,0.0,0.0,0.0,0.0,0.0,0.0,0.0,0.0,0.0,143.3329899111293,24.290782229611562
2015-08-25,12066.673064621908,12606.966798517478,2722.5363288989556,29601.544542960404,744.7473040682655,821.9083070143693,8997.818026409415,20953.82409967629,3065.2241496623433,44856.95847899635,461.32458928271626,17401.738119442463,9466.020732266254,11750.817913225877,0.0,0.0,0.0,0.0,0.0,0.0,0.0,0.0,0.0,0.0,0.0,0.0,55.332989911147564,0.0
2015-08-26,11724.673064621944,11764.96679851714,3268.5363288996705,28779.544542960946,1290.7473040682498,695.9083070142215,7021.818026409804,12781.824099675992,1597.2241496623874,39162.95847899749,241.32458928269546,15055.738119442703,6382.020732266077,10852.817913225726,0.0,0.0,0.0,0.0,216.65676997667333,0.0,0.0,0.0,0.0,0.0,0.0,64.51060027415548,0.0,0.0
2015-08-27,10498.673064621873,12974.966798517358,1414.5363288996396,22851.54454296144,948.747304068324,1777.908307014136,7659.818026409515,8211.824099674897,1631.2241496623064,33088.95847899672,201.32458928269398,13325.738119442602,5342.02073226619,9344.817913226025,0.0,0.0,0.0,0.0,0.0,0.0,70.01596084113791,0.0,0.0,0.0,0.0,64.51060027416918,0.0,0.0
2015-08-28,8756.673064621831,20238.966798516558,6530.53632889889,18479.544542960655,2062.7473040682335,3221.9083070143824,8377.818026409432,12967.824099675701,2887.2241496621605,34258.95847899528,281.324589282612,10277.738119443173,6106.020732266047,6920.817913225693,0.0,0.0,0.0,0.0,0.0,0.0,20.015960841172955,0.0,0.0,0.0,0.0,0.0,0.0,0.0
2015-08-29,8372.673064621536,42692.96679851719,17056.536328899685,21855.54454296051,3834.747304068157,3353.9083070143415,11571.818026409604,11233.824099676385,2677.2241496623874,55790.95847899611,1541.3245892826912,12283.738119442503,8736.020732266325,6046.8179132256655,0.0,0.0,0.0,0.0,0.0,0.0,94.0159608411135,0.0,0.0,0.0,0.0,0.0,0.0,0.0
2015-08-30,4825.919011041991,30590.40536221798,7974.072151889834,13239.544542960015,2559.7886022901935,2570.4698962164543,8091.49179902456,5271.1911246826785,699.7792367309085,39920.66086396277,214.15741846788183,6261.227439007822,3177.590442540548,2390.5935445995046,0.0,0.0,0.0,0.0,0.0,0.0,76.89629457680621,0.0,0.0,0.0,0.20195079250018755,0.0,3.4062706408978016,0.0
2015-08-31,10945.919011041844,13784.405362216277,1856.0721518894134,9043.544542958323,393.78860229001157,13900.46989621668,7507.491799024525,5807.19112468278,2433.7792367308357,28020.660863961733,36.15741846782714,5383.227439008355,5605.590442540748,5884.593544599487,0.0,0.0,0.0,0.0,0.0,0.0,40.89629457679868,0.0,33.0733681069824,0.0,0.2019507925021533,0.0,163.4062706408896,19.961151967873313
2015-09-01,13707.919011042239,9100.405362218047,1720.0721518900318,8309.544542959804,759.7886022901466,17760.4698962175,8107.491799024821,10621.191124683643,1605.7792367309676,27180.660863963913,388.15741846786636,5339.22743900842,6245.590442540784,6430.593544599839,0.0,306.01123524868143,0.0,0.0,42.35097333636072,0.0,0.0,0.0,0.0,0.0,0.20195079250056924,0.0,279.4062706409237,0.0
2015-09-02,14175.91901104222,8952.405362217833,1210.0721518905266,6267.544542959589,0.0,12588.469896217528,9831.49179902487,8401.191124683857,1903.779236730915,28560.660863965048,896.1574184679351,9603.227439009403,7449.590442540851,7510.593544599744,0.0,0.0,0.0,0.0,0.0,0.0,0.0,0.0,0.0,0.0,0.20195079249900116,60.68401377494936,0.0,0.0
2015-09-03,14087.919011042512,16198.405362219633,4636.072151891058,13163.544542961112,209.78860229027669,7130.469896217393,9389.491799025302,2789.191124684323,2805.7792367309703,32964.66086396486,586.1574184679474,8379.227439011005,7739.590442541072,8994.593544600022,0.0,0.0,0.0,0.0,0.0,0.0,40.896294576794844,0.0,0.0,0.0,0.20195079249946013,0.0,0.0,0.0
2015-09-04,15363.919011042544,28048.405362219357,11222.072151890537,12141.544542961161,719.7886022902819,3716.469896217204,10865.491799024943,6561.1911246840555,3841.7792367310967,45388.6608639644,586.1574184679474,9997.227439009625,8433.59044254094,9218.593544599955,0.0,0.0,0.0,0.0,0.0,0.0,0.0,0.0,0.0,19.57236363196489,0.2019507925017232,0.0,0.0,3.9611519678713485
2015-09-05,21337.919011042417,44608.40536221955,23802.07215189073,21127.544542960863,3643.7886022902303,4216.469896217041,16387.491799025083,30011.191124684367,6119.779236730949,75486.66086396502,454.15741846790047,22869.22743900952,14039.590442540944,9458.59354459987,0.0,0.0,0.0,0.0,0.0,37.536620815214434,72.89629457680141,0.0,0.0,0.0,0.2019507924999231,26.6840137749478,451.4062706409037,3.9611519678736897
2015-09-06,21524.01326774,32686.721053320267,17859.560210893713,19924.15095614028,2855.8877909015437,1116.309442159119,12860.460204004117,27185.355167685586,8329.224149662401,66878.66086396552,945.3943401754212,15931.087633418807,11462.68881493352,11133.117071393943,0.0,0.0,331.18647900990914,308.1708936261043,0.0,23.403287528573685,66.91805207941391,0.0,0.0,767.5723636320263,0.10036035758282114,0.0,42.50574163469287,9.396955911926135
2015-09-07,24270.01326774028,15852.721053319878,7033.560210893584,17408.15095613972,189.88779090154048,242.30944215902218,8782.460204004212,12275.355167685047,6561.224149662432,50864.66086396369,1009.3943401755162,9795.087633419336,8328.688814933252,10363.11707139404,0.0,22.461943181969247,459.1864790099156,1514.1708936260804,0.0,0.0,34.91805207939851,0.0,0.0,1653.572363632045,0.10036035758023232,0.0,0.0,0.0
2015-09-08,23872.013267740025,8312.721053320525,5833.560210892783,13060.150956140023,337.8877909014027,1270.309442158984,8062.4602040040245,10337.355167684962,5357.224149662411,47988.66086396373,499.3943401755357,11139.08763341842,7234.6888149331735,9575.117071393983,0.0,22.46194318197459,0.0,56.17089362618708,118.29209623658237,0.0,0.0,85.93141658934016,35.13102367613078,1137.5723636320986,42.10036035758303,12.920181346161343,128.50574163468937,0.0
2015-09-09,21420.013267739392,11172.721053319761,6003.560210893351,7764.150956139751,335.88779090147,1230.309442159085,8154.46020400413,8547.355167684203,4553.224149662336,48618.66086396438,877.3943401754913,12445.08763341842,5164.688814933143,8569.11707139389,0.0,22.461943181967058,0.0,0.0,0.0,0.0,4.918052079385916,0.0,35.131023676134774,857.5723636320977,0.10036035758077877,12.920181346143863,42.50574163467925,0.0
2015-09-10,22110.01326773983,16230.721053321366,6817.560210893507,11054.150956140047,663.8877909012945,0.0,5616.4602040039435,8073.355167684392,3797.224149662279,44018.66086396411,653.394340175534,11841.087633418527,5620.688814933263,9397.11707139388,0.0,0.0,0.0,348.1708936260718,0.0,0.0,66.91805207942099,131.93141658932888,0.0,47.57236363193715,0.10036035758240902,10.92018134614969,42.50574163466385,0.0
2015-09-11,22884.01326773978,31790.72105332128,16625.560210893298,16420.15095613984,807.8877909015828,1664.309442159034,8970.460204003584,7513.355167684418,5219.224149662095,54838.660863962694,499.3943401754834,18619.087633419233,7198.688814933013,8709.117071393921,0.0,0.0,0.0,92.17089362600996,0.0,0.0,66.91805207941258,0.0,0.0,0.0,0.10036035758241169,0.0,126.50574163469548,0.0
2015-09-12,36110.013267739865,73850.72105332083,33437.56021089396,46104.15095614053,6289.8877909015155,6324.309442159264,26444.460204003735,37329.35516768509,8057.224149662383,120530.6608639642,1889.3943401754696,44129.08763341923,14172.688814933172,8351.117071393855,0.0,70.46194318195663,0.0,0.0,0.0,0.0,252.9180520794187,0.0,0.0,0.0,0.10036035757960948,0.0,0.0,9.39695591191887
2015-09-13,38355.16495746378,87391.00177147161,37836.584092888705,54467.36378250009,8295.226654957474,6737.911144876631,29566.586584088607,61107.737934687655,6328.4470277662585,134538.06563390372,2125.6486996063763,55668.856564166636,16294.217477050832,7444.453624332918,0.0,118.05349185976115,0.0,0.0,0.0,6.403287353478021,120.83102206896731,0.0,0.0,0.0,0.13422383588714393,122.62125970453255,225.53193189868813,12.891401304523576
2015-09-14,28597.164957463436,41333.00177147093,19478.58409288832,31031.363782500313,3365.2266549575843,3899.9111448762983,17298.58658408847,46533.737934688565,3814.447027766106,88644.0656339029,625.6486996063286,37810.85656416731,11690.217477050857,5978.453624333162,0.0,0.0,0.0,270.9490042125967,0.0,6.4032873534534644,0.0,0.0,38.011741472947264,0.0,0.13422383588862208,86.62125970455384,0.0,12.891401304529747
2015-09-15,20711.164957462566,17769.001771468556,5228.584092886809,11829.36378249881,223.2266549572464,2513.911144876002,10628.586584087614,19211.737934687226,3882.447027766104,47422.0656338998,5.648699606259015,25742.85656416581,8870.21747705022,4610.45362433278,0.0,0.0,0.0,0.0,0.0,6.403287353484558,120.83102206896183,0.0,0.0,0.0,0.13422383588674092,86.6212597045326,23.531931898677527,12.891401304528255
2015-09-16,17455.164957462803,16341.001771470017,7030.584092887475,13219.363782498924,769.2266549572314,3207.9111448764543,9990.586584088052,6997.737934686889,5124.44702776612,52348.0656338993,867.6486996062707,18980.85656416664,9452.217477050546,5516.453624332969,0.0,0.0,0.0,0.0,0.0,76.4032873534829,152.83102206899864,0.0,0.0,563.0477861635281,0.13422383588942477,0.0,0.0,44.891401304524095
2015-09-17,17365.164957463003,22269.001771469535,7152.584092887707,10731.363782500186,187.226654957326,1535.9111448762928,10220.586584087818,2983.73793468654,5352.447027766112,49098.06563390032,953.6486996062993,13726.856564166084,10740.217477050928,6786.453624333003,0.0,0.0,0.0,122.94900421258399,0.0,76.4032873534772,0.0,43.33795659768134,0.0,1113.0477861636073,0.13422383588623266,0.0,81.53193189865796,76.89140130452994
2015-09-18,17169.164957462825,57131.001771470554,11942.584092887562,11939.363782499413,0.0,3535.9111448759263,13134.586584087614,8407.737934685638,4664.447027766161,56830.065633899285,977.6486996062363,27932.85656416639,13704.217477050655,8796.45362433298,0.0,260.05349185974706,0.0,0.0,0.0,76.40328735348086,184.83102206895262,43.33795659769849,0.0,825.0477861636891,20.134223835888683,0.0,23.53193189870825,44.89140130452865
2015-09-19,26823.16495746273,74057.00177147202,28934.584092888243,32167.36378250031,2741.226654957168,6053.911144876327,20568.586584087832,27563.737934686887,7152.4470277661385,98804.06563390118,1197.6486996063488,40802.85656416764,18080.217477050657,8352.453624333084,0.0,0.0,0.0,0.0,0.0,6.403287353458012,0.0,43.33795659769601,0.0,911.0477861637137,0.13422383588816156,0.0,0.0,12.891401304530195
2015-09-20,28302.222390489034,68556.19458997533,25681.096033885045,37361.18302203893,2788.367141790556,4483.9111448764725,20387.22876168265,29896.831554693308,6386.112288972314,121211.17278880725,963.544073267146,33013.92646696225,21055.668290854825,8905.41622956196,0.0,0.0,0.0,0.0,0.0,76.40328735350866,25.733113307210033,0.0,0.0,550.2609199610852,0.0,0.0,0.0,0.0
2015-09-21,25430.222390488474,36352.1945899761,11551.096033884027,23229.183022038487,924.3671417904766,2623.9111448763024,14739.2287616821,16970.831554693454,3964.1122889721178,96507.17278880456,633.5440732670104,15133.926466960651,13809.668290854612,8277.416229562019,0.0,264.13800508194083,0.0,0.0,0.0,76.40328735348801,25.73311330723925,246.78521376441955,0.0,204.26091996101968,0.0,0.0,0.0,12.503129594234638
2015-09-22,20734.222390488998,17196.19458997411,7231.096033884308,11109.183022038695,486.36714179041064,1607.9111448762728,10843.228761682265,14848.83155469359,3350.112288972223,77415.17278880575,811.5440732671029,11263.926466961091,12687.668290854292,6683.416229561912,0.0,0.0,0.0,0.0,121.444994556725,76.40328735346546,25.73311330725309,0.0,0.0,552.2609199608778,0.0,199.50317591891832,283.9821964018038,12.503129594234672
2015-09-23,15656.222390489083,14540.194589974693,9453.096033885071,9645.183022038165,960.3671417906846,1311.9111448762505,11507.228761682025,12298.831554693314,2126.1122889722324,59907.172788806,721.5440732671047,10015.92646696102,10493.66829085449,6199.416229562093,0.0,264.1380050819391,0.0,133.11617009244105,49.444994556715024,114.4032873534918,25.73311330720486,0.0,0.0,1068.2609199609142,0.0,235.50317591895134,83.9821964017967,12.503129594236155
2015-09-24,17510.222390489194,14688.19458997543,11335.096033885256,11185.183022039582,994.367141790668,1897.9111448763606,15681.228761682425,10504.83155469382,2238.1122889721773,60381.17278880598,1271.5440732670754,8961.926466962406,10155.668290854603,6413.416229562071,0.0,0.0,0.0,0.0,0.0,76.40328735348868,117.73311330722734,0.0,0.0,1006.2609199608232,0.0,129.50317591894841,141.98219640179403,44.50312959423385
2015-09-25,17812.22239048909,25592.1945899746,15915.096033884902,10519.183022039693,992.3671417906048,2149.9111448765093,16903.22876168263,14660.831554693425,4196.1122889721,68553.1727888055,1095.5440732671252,15557.926466962337,10149.668290854728,6829.416229562133,0.0,168.13800508190602,0.0,0.0,0.0,6.403287353482369,85.7331133072492,0.0,0.0,1530.2609199607732,0.0,95.50317591894768,53.982196401811535,12.50312959423895
2015-09-26,24462.222390488474,45174.19458997589,30083.096033885355,34471.183022039,5012.367141790399,3461.9111448762615,17183.228761682425,29002.831554694232,6800.112288972334,99983.17278880699,1051.5440732670932,38651.92646696161,13807.668290854614,4683.416229562004,0.0,26.138005081936967,142.9732644265098,0.0,0.0,258.40328735347225,303.73311330722004,58.78521376439047,31.83877476549771,2016.2609199608742,0.0,93.50317591892171,0.0,0.0
2015-09-27,16177.73049764826,29505.247516668285,19802.722897228392,34414.93812978197,4600.267953179448,3037.6704637894586,10812.912811472692,19884.17538269046,6125.890254144846,78458.80967148216,198.70101277591482,29843.2274390097,10963.865035639208,4603.565808646098,0.0,112.78588128199084,0.0,0.0,45.50387165654831,165.20328742351205,25.950688333330618,97.5168594643911,0.0,2317.703507999076,0.5405855755624833,0.0,162.18113838933354,62.05621643539303
2015-09-28,10481.730497647444,13291.247516666555,3240.722897227024,13232.938129780225,0.0,2565.6704637892717,6402.912811472076,9078.175382689002,3729.8902541447374,37620.809671479634,222.70101277585934,9501.227439009159,5587.86503563917,3765.565808646076,25.042726282497483,162.7858812820176,42.32128063029245,859.3927830396219,0.0,201.20328742351785,0.0,0.0,0.0,2833.7035079991233,0.5405855755625233,94.68401377493316,218.18113838937336,62.056216435398
2015-09-29,5569.730497647453,3753.2475166668446,548.7228972272314,1484.9381297797627,0.0,1541.6704637894659,3262.9128114724244,5588.175382690255,1307.8902541447646,18900.80967147877,442.70101277590027,55.22743900885689,1353.8650356388016,1655.5658086459089,0.0,0.0,128.32128063018195,1667.3927830394964,189.5038716565363,55.203287423514155,527.9506883333248,0.0,0.0,4129.7035079989,0.5405855755617883,96.68401377493542,218.1811383893347,94.056216435393
2015-09-30,9335.73049764736,0.0,2734.72289722757,700.9381297806976,0.0,601.6704637896423,4762.912811472545,1080.1753826890817,2443.8902541447533,25524.809671480492,440.7010127758868,2577.2274390097064,3605.8650356382404,3771.565808645884,0.0,58.785881281993824,148.3212806302604,2147.392783039605,0.0,173.20328742351816,227.95068833332087,211.51685946437996,16.66183699315039,6565.703507999031,20.540585575563103,204.68401377494885,394.1811383893538,100.05621643539646
2015-10-01,19065.730497647066,4281.247516666648,8528.722897227231,1928.9381297802101,0.0,641.6704637895741,7310.912811472452,1434.175382688889,3645.890254144706,36992.80967147957,1232.7010127759595,4087.2274390094226,6255.8650356385115,4873.565808645999,815.0427262825285,102.78588128200752,102.32128063029063,1463.3927830395692,87.50387165649938,59.203287423496135,535.9506883333347,159.51685946438735,0.0,11339.703507999064,20.540585575564027,284.6840137749717,114.1811383893536,100.05621643540147
2015-10-02,22079.730497647404,14251.247516666182,17516.722897227628,9940.938129780356,1682.2679531791914,1513.670463789159,12494.9128114721,8420.175382688985,3117.890254144606,59232.809671479,1474.7010127759468,16795.2274390086,10585.865035638644,5955.565808645857,1109.0427262825274,102.78588128200023,1908.321280630281,3293.3927830396115,49.5038716565505,173.20328742349886,315.95068833333823,211.51685946434674,0.0,12767.703507999366,0.5405855755624172,324.6840137749518,114.18113838934997,80.05621643539325
2015-10-03,19421.730497648146,28351.24751666791,28414.72289722843,31108.938129781483,4664.267953179389,4359.670463789328,18520.912811473034,28624.175382690315,5975.890254144731,88792.80967148236,1760.7010127759909,42469.227439009956,20065.8650356394,7181.5658086460235,0.0,370.785881282013,1304.321280630324,1503.392783039547,125.50387165653275,439.20328742353104,403.95068833333164,159.5168594644244,0.0,10765.703507999395,0.5405855755617144,522.6840137749668,0.0,0.0
2015-10-04,18645.259214160626,18718.966798517067,26468.72289722806,27105.363782499935,848.6647076245231,3214.3094421593087,10699.691646325755,25240.339425690963,6750.835588714284,75522.51205644885,48.14718716195409,29855.507050190732,19110.6888149336,8944.528413874987,0.0,193.19433260424282,1582.321280630304,1988.94900421256,217.2683632572846,103.40328752860708,0.0,59.833948039404426,0.0,10361.44121926522,2.064442099342248,392.21167863256574,0.0,21.66794472510814
2015-10-05,16219.259214160013,5378.966798515987,7182.722897227216,5177.363782499193,0.0,560.3094421589308,6081.69164632541,10142.339425690236,2698.835588714179,42970.51205644688,0.0,8547.5070501896,19522.68881493328,9014.52841387507,0.0,103.19433260421349,980.3212806303648,1340.9490042128732,0.0,0.0,10.102990851535566,0.0,0.0,8105.441219265347,2.064442099340555,0.0,0.0,41.66794472510702
2015-10-06,12403.259214159483,7518.966798515326,8066.722897226466,6599.363782498494,0.0,1924.3094421589733,6127.691646325318,5242.339425689632,2346.835588714035,43328.5120564473,268.14718716197626,3897.5070501896826,27420.688814933466,7440.528413875044,0.0,103.19433260424665,0.0,960.94900421265,141.26836325725958,293.4032875285557,450.102990851574,0.0,48.57138257453971,7113.441219265063,2.0644420993410626,0.0,296.50574163468286,81.66794472510801
2015-10-07,13551.259214159898,11268.96679851749,12058.72289722785,8165.363782499857,0.0,1582.3094421591613,8673.691646325591,7184.339425690072,3906.8355887143707,45610.512056448075,378.1471871620298,2667.5070501900973,25334.688814934074,7918.528413875025,0.0,283.1943326042159,0.0,846.9490042125173,217.26836325727533,0.0,494.102990851592,59.83394803938423,0.0,5515.441219265016,2.0644420993432613,0.0,18.505741634690153,81.66794472510719
2015-10-08,15023.259214160404,7122.96679851802,12290.72289722816,9691.363782499777,164.66470762461358,2116.3094421590167,8987.691646325693,6420.339425690407,4256.835588714087,50134.51205644947,0.0,5653.507050190054,14454.688814933852,8548.528413875028,0.0,283.1943326042441,1308.3212806303438,996.9490042126268,143.26836325726157,27.40328752855892,274.10299085157635,111.83394803939993,0.0,4749.441219264983,2.064442099341871,0.0,0.0,81.66794472510576
2015-10-09,18327.259214160313,16268.966798517042,19194.72289722754,18327.363782499884,0.0,2722.3094421592045,14215.691646325366,15600.339425689763,7114.835588714192,68882.51205644796,0.0,21177.507050190856,6732.688814933296,7432.528413875066,0.0,103.1943326042364,1816.321280630278,538.949004212561,0.0,103.40328752857769,186.10299085158132,0.0,0.0,2903.4412192650198,2.0644420993411,32.21167863253464,0.0,21.66794472510829
2015-10-10,42721.259214160425,59216.96679851749,40430.722897228174,47473.36378250038,9484.664707624259,8716.309442159232,34429.69164632579,52992.33942569101,5968.835588714429,142202.51205644984,620.1471871619681,41039.50705019147,8414.688814933332,7228.528413875123,0.0,0.0,1538.321280630445,0.0,0.0,217.40328752857033,1022.1029908515585,0.0,0.0,0.0,2.0644420993425916,72.2116786325571,0.0,21.667944725105055
2015-10-11,50583.259214161546,71373.56320777087,44598.90946555647,56735.18302203965,10625.12746634644,6284.469896217435,36448.91281147342,60144.066020690516,5505.2796583691015,135758.21444141844,287.9379344835013,34336.15753621409,3067.787187325128,6721.416229562084,195.20889738560697,0.0,554.6472725283397,0.0,51.868545396607246,0.0,931.9506883333681,0.0,46.92525811921602,0.0,0.4389951406424093,117.80209756055098,0.0,0.0
2015-10-12,35789.25921416088,36319.5632077707,27028.90946555708,22271.183022039615,3669.1274663462063,2456.4698962171074,16364.91281147304,27444.066020690145,4269.279658369277,79830.21444141751,0.0,12996.157536214676,0.0,5873.416229562055,9.20889738564233,0.0,140.64727252835723,0.0,0.0,155.53662081522955,359.95068833332743,0.0,46.925258119226136,0.0,0.43899514064210443,157.80209756054222,0.0,0.0
2015-10-13,24511.25921416081,11195.563207769632,6630.909465556275,4361.183022037676,839.1274663461056,710.4698962169537,6610.912811472344,6120.066020689427,3275.2796583689933,31064.21444141691,0.0,2922.1575362140356,0.0,7349.416229561891,0.0,61.23658921531961,0.0,0.0,0.0,117.53662081522818,51.95068833332263,0.0,0.0,0.0,0.43899514064468814,77.80209756055295,0.0,20.50312959423117
2015-10-14,17279.259214160506,8823.563207769588,8710.909465556422,8869.18302203908,1641.1274663460877,408.4698962168477,9596.912811472506,6020.066020688566,5423.279658369134,34510.21444141587,309.9379344834948,3840.157536213441,551.7871873251897,6389.41622956203,0.0,0.0,0.0,0.0,0.0,269.5366208152079,139.95068833332166,0.0,0.0,747.1789305307575,0.43899514064323,77.80209756053773,105.60521262844725,60.50312959424066
2015-10-15,19119.259214160164,11285.563207770147,12230.909465556353,11733.183022039066,1565.1274663459617,1012.4698962171287,12806.912811472313,6936.066020688344,7009.279658369158,44266.21444141721,595.9379344835157,4552.157536214061,1947.7871873253916,7969.416229562032,0.0,0.0,0.0,95.11617009217798,243.86854539664688,79.5366208152215,359.9506883332954,0.0,0.0,1737.178930530572,20.438995140645307,237.80209756054654,197.60521262845234,60.50312959424361
2015-10-16,22563.259214160033,22359.56320776814,25170.90946555588,12567.183022038822,2019.1274663460222,1394.469896216936,17590.912811472183,9030.066020688591,7857.279658369128,62890.21444141597,815.9379344834749,13792.157536214596,2171.7871873254026,9047.41622956212,0.0,17.236589215297933,0.0,287.1161700924206,203.86854539665154,41.53662081520885,183.95068833328645,0.0,0.0,1769.178930530642,0.4389951406429973,277.80209756054273,13.605212628465964,60.50312959423803
2015-10-17,29823.25921416026,54411.563207770516,35374.909465556986,37703.18302203961,3895.1274663461113,3594.4698962170687,26162.912811472954,38308.06602068922,7949.279658369291,101236.21444141796,1409.9379344835302,33342.157536214385,3757.787187325156,8951.416229562103,0.0,105.23658921532117,556.6472725284113,0.0,203.86854539665157,41.536620815204,139.95068833333124,0.0,0.0,1641.1789305307257,42.438995140643236,395.80209756056377,0.0,20.50312959423973
2015-10-18,31819.070700766333,41122.15961702321,26409.746779222354,42307.97019568015,1611.4084400123372,2595.750690818574,18990.97600151496,39186.17538269071,8273.279658369323,93491.1072865128,763.8681835907033,28610.437147394154,5078.139628736883,8205.939756356089,0.0,151.27884582640237,79.51247090796414,0.0,0.0,0.0,107.90717332806886,159.51685946440068,0.0,2189.9657967334833,41.89717948774755,265.3297624181703,0.0,25.938933538287323
2015-10-19,24613.070700765595,18508.159617021578,16207.746779222043,24007.97019567919,959.4084400122861,1417.7506908181772,14068.976001513991,15616.175382689198,9063.27965836911,63095.10728651132,1203.868183590698,14162.437147394176,2204.139628736926,7067.939756356111,0.0,107.27884582639493,0.0,784.3380595058399,0.0,0.0,811.9071733281085,159.51685946439085,0.0,2603.9657967334256,0.0,185.3297624181469,0.0,25.938933538284957
2015-10-20,22347.070700766082,17378.1596170213,12169.74677922158,12163.970195678154,883.4084400125157,3015.750690818242,14548.976001514258,6840.175382689509,7659.279658369307,47783.10728651103,1357.8681835907755,10066.437147394763,1318.1396287368825,6063.939756356119,0.0,243.27884582642292,0.0,936.3380595058885,0.0,180.26995406683523,151.9071733281095,0.0,0.0,3213.965796733448,0.0,305.329762418151,0.0,0.0
2015-10-21,22383.07070076592,17244.15961702021,12635.746779222083,14153.970195679105,1113.4084400124661,2671.750690818486,13186.976001514937,7758.175382689804,6595.279658369213,52191.10728651194,961.8681835906757,9458.437147395245,4946.139628736282,6605.939756356154,0.0,19.27884582641817,0.0,480.3380595059391,0.0,66.26995406684262,1293.907173328085,0.0,0.0,3723.9657967336025,0.0,145.32976241817187,112.95600613776381,0.0
2015-10-22,22889.07070076574,14312.159617022022,13419.746779222367,17933.97019568013,733.4084400124539,1873.7506908186413,11912.976001514544,7864.175382689278,6273.279658369192,58433.10728651239,1313.8681835907068,9228.437147395387,13314.13962873711,7615.93975635623,0.0,0.0,125.51247090802053,364.33805950583746,0.0,0.0,679.9071733281903,0.0,46.92525811922582,3587.9657967333796,0.0,65.32976241814674,346.9560061378031,0.0
2015-10-23,20405.07070076586,27926.159617023222,19921.746779222798,25227.970195679525,2643.408440012396,2445.7506908187192,16260.976001514879,18474.175382689664,6979.279658369185,80269.10728651346,1203.8681835907282,21204.437147395773,20570.139628737048,6347.93975635621,0.0,153.27884582638916,357.5124709080144,556.3380595058438,0.0,104.26995406685155,415.9071733280805,0.0,0.0,1713.9657967334533,0.0,185.32976241813725,68.95600613779274,0.0
2015-10-24,28059.07070076584,49692.15961702286,26311.746779222776,44211.97019568093,7723.408440012608,4185.750690818626,24004.97600151475,39186.17538269123,8623.27965836938,100635.10728651428,1357.8681835906668,44064.43714739641,29312.139628737485,6569.939756356213,0.0,19.278845826387645,35.51247090799188,0.0,0.0,66.26995406682991,591.9071733281379,0.0,0.0,0.0,0.0,303.3297624181316,0.0,0.0
2015-10-25,25926.03387709416,41344.44033517245,20437.56021089367,46772.93812978163,4675.805194458039,2065.4297827024575,21021.42860898356,38289.73793468819,7398.780080007418,96809.70251657673,969.6138241599015,35102.43714739594,28050.139628737976,6534.3884936083105,0.0,62.87039450417524,0.0,313.39278303957485,0.0,114.00328749354745,142.9398095819954,0.0,0.0,1562.4903742017668,0.0,385.3297624181628,20.95600613778629,0.0
2015-10-26,20782.03387709362,22714.440335170537,9209.560210893575,31718.93812978122,1159.8051944576325,853.4297827021887,15567.428608983048,19107.73793468753,7490.780080007473,68415.7025165768,1299.613824159875,15114.437147394696,26054.139628737947,7284.388493608207,0.0,0.0,0.0,1193.392783039737,24.90368951714423,76.00328749356322,274.93980958199995,0.0,0.0,422.4903742019269,0.0,65.32976241816053,390.95600613779095,0.0
2015-10-27,18344.033877094043,17902.44033517066,6985.560210892615,19678.938129779875,0.0,209.42978270237973,16445.428608982886,5129.7379346867,6810.780080007478,55753.70251657528,1519.6138241599165,10700.437147394576,21726.13962873755,6988.388493608275,0.0,0.0,0.0,1195.3927830397004,100.90368951715874,152.00328749354145,10.93980958199964,0.0,20.777148131454904,800.4903742017723,0.0,65.32976241813435,482.9560061378161,0.0
2015-10-28,14350.033877093147,17634.440335170697,10879.560210893222,18848.938129780516,355.80519445746836,0.0,12887.428608983118,5283.737934686596,5786.7800800073255,58371.7025165761,1717.6138241599474,9542.437147395065,18936.13962873727,6000.388493608136,0.0,62.870394504175536,0.0,431.39278303960555,24.903689517161382,38.003287493553486,406.9398095820228,0.0,20.77714813145683,1278.4903742020792,0.0,225.32976241815373,206.95600613779692,0.0
2015-10-29,12962.033877093416,15352.44033517115,14501.560210893385,21594.9381297801,929.8051944574793,399.42978270254116,11527.428608982766,3699.737934685929,4282.780080007314,53081.70251657517,1651.613824159894,9346.43714739376,12706.13962873705,6332.388493608068,0.0,106.87039450417898,185.1864790099521,391.3927830395103,62.9036895171686,76.00328749351688,54.939809582026726,0.0,0.0,1312.4903742018378,0.0,65.32976241819547,20.956006137786346,0.0
2015-10-30,15132.033877093294,23798.44033517014,20007.56021089322,19764.938129781087,1463.8051944576714,2297.4297827024,15267.428608982964,13445.73793468613,4750.780080007343,71207.70251657486,1277.6138241599415,22080.43714739505,8666.139628737028,6946.388493608093,0.0,286.8703945041646,461.18647900994506,0.0,0.0,114.00328749355697,670.9398095820044,0.0,0.0,198.49037420188506,0.0,65.3297624181242,0.0,0.0
2015-10-31,45160.033877094,60580.44033517188,22455.560210894164,29502.938129781138,4079.805194457769,10987.429782702431,23873.42860898294,43183.73793468697,4202.780080007249,88543.70251657869,1365.6138241598906,43856.43714739644,2876.1396287370135,11500.388493608189,0.0,608.8703945042131,69.18647900994279,0.0,0.0,74.00328749355042,560.939809582035,0.0,0.0,0.0,0.0,233.32976241814643,40.956006137784854,0.0
2015-11-01,47045.73049764932,75383.28248962158,29074.07215189048,45979.970195679794,5968.0861681242,10560.871031362305,26530.912811473238,58057.792615689345,3731.1686409553568,88848.1489391241,1553.5440732670836,46631.64685578107,2127.5904425405042,11830.238914524436,0.0,153.64504053756826,0.0,0.0,0.0,224.8699540318089,143.95068833332124,0.0,0.0,0.0,0.0,219.9755110613436,0.0,35.045107220602716
2015-11-02,26065.73049764805,37537.282489620804,16342.072151890383,34585.97019567886,1868.086168124086,3438.871031361842,13728.912811472945,28331.792615688028,4617.168640955276,64326.14893912239,1181.5440732670545,19953.646855780746,1739.590442540427,9154.23891452429,0.0,0.0,0.0,220.33805950600163,0.0,278.86995403181083,53.95068833331837,0.0,0.0,0.0,0.0,55.975511061333535,0.0,59.04510722059988
2015-11-03,13709.730497647588,7679.282489619596,2630.0721518903592,9777.97019567873,772.086168124036,886.8710313617335,4234.912811472338,13741.792615687384,5685.168640955488,32326.1489391235,929.5440732670655,2807.646855780804,3775.590442540883,7280.238914524409,0.0,201.64504053753092,0.0,0.0,38.17434203691329,112.86995403180538,261.95068833333016,0.0,0.0,0.0,0.0,155.9755110613708,71.40627064092479,59.04510722060512
2015-11-04,11573.730497647413,7729.282489620986,4968.072151890878,8279.970195679343,0.0,664.871031362105,4294.912811472526,8751.792615687817,4701.1686409554295,34602.14893912357,539.5440732670816,2315.6468557809767,6659.590442541018,6574.238914524223,0.0,155.6450405375486,0.0,156.33805950577062,138.174342036942,2.8699540318054204,23.95068833331908,160.11031945606263,0.0,230.88380730277458,0.0,155.97551106133648,0.0,59.04510722060186
2015-11-05,11151.73049764748,7999.282489620942,6600.07215189095,8007.9701956801855,0.0,1332.8710313618112,6376.912811472509,5357.792615687404,4427.168640955402,30844.14893912302,867.544073267103,5267.646855780928,7385.590442541248,6344.238914524186,0.0,65.64504053751564,0.0,520.338059505774,104.17434203694627,444.8699540318225,23.95068833330248,0.0,13.336789233045096,602.8838073029133,0.0,0.0,0.0,105.04510722060348
2015-11-06,11565.730497646944,18151.28248961896,16610.07215189035,13539.970195679609,372.0861681240069,3996.871031361738,8344.912811472233,13783.792615686742,4725.168640955514,49344.14893912249,717.5440732670365,15239.646855780735,10533.590442541223,6036.238914524014,0.0,109.64504053753419,0.0,0.0,0.0,666.8699540318312,233.95068833333073,244.11031945605973,0.0,0.0,0.0,57.975511061340455,43.40627064092527,105.04510722060294
2015-11-07,16309.730497647794,54671.2824896205,32074.072151891552,32985.97019567982,3568.086168124054,5112.871031361907,11922.912811472328,38519.79261568829,4355.168640955451,74168.14893912408,1487.544073267089,32471.646855781728,14953.590442541337,6274.2389145243205,0.0,17.645040537547146,229.78207414874976,0.0,0.0,334.869954031863,293.9506883332889,34.110319456020505,0.0,0.0,0.0,287.9755110613361,43.406270640902264,81.0451072206011
2015-11-08,17043.164957463414,44933.001771472285,22637.885583562816,36627.54454296119,3194.367141790722,3108.151825963114,11698.133976619598,32349.35516768587,6781.72372802413,69910.00013160752,786.8158704211392,23260.576952985997,15416.217477050812,5624.313704066191,0.0,108.05349185975669,0.0,0.0,267.4449945567412,359.60328728344837,273.79838581505663,363.93141658935787,0.0,876.7526629359777,0.0,215.09359484696458,271.53193189869876,35.82165064118496
2015-11-09,14933.164957462439,11905.00177146874,7989.88558356103,21741.544542959586,1560.367141790243,2274.1518259628765,8010.133976618853,17377.355167684153,5683.723728024175,46570.00013160503,700.8158704210429,10506.57695298451,12162.217477050464,6462.313704066128,37.24213160626732,18.053491859779555,0.0,870.7818383328529,133.4449945567219,361.603287283481,303.79838581505084,27.931416589342902,0.0,1714.7526629361473,0.0,17.093594846962702,0.0,35.82165064117844
2015-11-10,11499.164957462886,7693.001771469104,6469.885583561007,12045.544542958918,3162.367141790337,2662.151825963153,10602.133976618938,9331.355167685339,4115.723728024005,46096.00013160474,578.8158704210518,6732.576952983905,11044.21747705051,5240.3137040661395,0.0,18.053491859731572,0.0,436.7818383327931,0.0,137.60328728345382,333.79838581509375,27.931416589319745,0.0,1624.7526629359572,0.0,51.093594846919274,0.0,35.821650641183155
2015-11-11,10165.164957462208,11263.00177147064,8419.885583561947,11483.544542959731,1996.3671417905618,3774.151825962906,9888.133976619181,2411.355167683765,5287.723728024153,47466.00013160624,472.81587042099056,12318.576952984557,9790.217477050253,6354.313704066184,0.0,18.053491859766602,0.0,1232.7818383328204,0.0,137.60328728341125,245.79838581504563,111.93141658935521,11.279133663896395,418.7526629361446,0.0,315.09359484692413,0.0,35.821650641182416
2015-11-12,10661.164957462977,14537.001771470415,11221.88558356203,15553.544542959917,996.3671417904598,4330.151825962959,14052.133976619136,2961.3551676833667,3927.7237280241843,45972.00013160701,1032.8158704210648,15652.576952985466,8374.217477050444,6020.313704066334,0.0,0.0,0.0,2238.7818383330437,0.0,27.60328728345131,633.7983858150913,363.9314165893612,0.0,0.0,0.0,249.0935948469242,0.0,35.82165064118079
2015-11-13,10629.164957462808,27759.001771470415,18271.88558356227,22173.54454296101,3762.367141790326,4546.151825963218,17978.133976619378,13565.355167684369,5351.723728023959,52730.000131607405,1486.8158704210896,21536.576952985313,10576.217477050364,5062.313704066215,0.0,18.053491859749762,0.0,536.7818383328874,0.0,27.60328728342982,245.79838581506678,0.0,0.0,0.0,0.0,215.09359484694244,105.5319318986891,0.0
2015-11-14,16659.1649574632,58939.00177147263,28597.885583563053,41889.54454296133,6692.367141790697,6216.15182596362,26850.133976620054,41355.35516768588,6479.7237280242625,63678.00013160966,1944.815870421197,33324.57695298641,17004.217477050654,5602.313704066524,0.0,0.0,0.0,0.0,133.44499455672303,415.6032872834768,483.7983858150467,27.931416589306366,0.0,0.0,0.0,313.0935948469497,49.53193189870368,153.82165064118567
2015-11-15,20476.410903883945,40276.440335172534,22435.234838225526,46201.970195680944,4820.449738234491,2178.5501232461434,19927.102381599398,37050.808357683534,4171.945762851545,62747.04178421887,1053.578948713478,26875.64685578166,16509.66829085492,3898.6128622342435,0.0,64.87039450417703,0.0,0.0,54.833401276154895,362.6032874585437,179.82014331769787,20.207788005993443,0.0,0.0,0.0,517.9755110613662,107.9821964017803,156.92782432350384
2015-11-16,17562.410903883436,13240.440335169644,10277.23483822408,23961.97019567935,3018.4497382343343,1956.5501232454653,10345.102381598106,13282.808357682025,4145.9457628515,69613.0417842177,1173.5789487134582,17405.64685578042,11943.668290854355,3596.6128622340866,315.50800537126884,154.87039450417518,0.0,1450.338059505905,0.0,138.603287458531,119.8201433176479,0.0,0.0,1109.6706735058656,0.0,353.97551106134733,0.0,156.92782432350305
2015-11-17,12788.410903883454,4816.440335169766,6109.234838223763,11699.970195677493,720.4497382343761,2288.5501232457464,7273.102381597554,5192.80835768062,4305.945762851576,71435.04178421764,825.5789487135308,12715.646855779556,11611.66829085426,3036.612862234122,525.5080053712517,154.87039450420102,0.0,484.33805950596707,0.0,0.0,119.82014331765956,0.0,0.0,1481.6706735058224,0.0,353.9755110613373,0.0,16.927824323500392
2015-11-18,10402.41090388312,7672.440335170804,5757.234838224689,12373.970195679041,1420.4497382341483,2568.5501232456495,3909.102381597675,958.8083576808021,5267.945762851484,66731.04178421809,537.5789487134689,14129.64685578108,8357.668290854472,2918.612862234166,0.0,18.870394504189974,0.0,1086.3380595058939,88.83340127612445,196.60328745853334,149.8201433176471,0.0,0.0,1087.6706735059033,0.0,319.9755110613416,0.0,16.927824323495514
2015-11-19,9284.410903883861,7986.440335170704,7477.234838224837,14437.970195679327,1554.4497382343377,2624.550123246115,5281.1023815979615,2092.8083576803274,6345.945762851621,63513.041784218796,427.57894871347224,13007.646855780782,8073.668290854681,4348.612862234182,0.0,0.0,0.0,1952.3380595059325,54.83340127613379,0.0,507.82014331768255,0.0,0.0,407.6706735058078,0.0,155.97551106136098,0.0,0.0
2015-11-20,14754.410903883174,27280.44033517121,14327.234838224425,22705.970195679743,1886.4497382343516,3788.550123245661,9625.102381597913,16594.808357681162,8237.945762851603,73787.04178421746,1363.5789487135057,16941.646855780742,8907.668290854439,6458.612862234322,0.0,0.0,0.0,456.3380595059032,54.83340127612923,84.6032874585226,417.8201433176745,0.0,0.0,0.0,0.0,253.97551106133565,0.0,0.0
2015-11-21,35112.41090388399,60896.440335172156,34189.23483822547,43679.97019568071,8682.449738234473,15734.55012324606,26209.102381598444,48200.80835768263,9647.945762851788,89501.04178421936,1657.5789487135098,22711.6468557811,21401.66829085489,10372.612862234306,0.0,0.0,162.91687576916536,0.0,22.833401276174214,306.6032874585356,449.82014331769943,20.20778800599262,0.0,0.0,0.0,221.97551106136888,191.98219640180218,0.0
2015-11-22,33287.070700766955,71083.00177147193,40199.885583562806,48543.789435219296,8811.325843568882,13026.469896217668,29690.397013962505,56247.30048668593,8773.335167076179,63145.93462931314,1075.5091978206992,18596.437147394456,20387.787187326096,11065.500677921525,0.0,0.0,0.0,0.0,0.0,131.5366208152227,408.96156708462655,0.0,0.0,0.0,0.0,169.32976241810778,61.60521262845199,0.0
2015-11-23,20023.070700765813,34287.00177147099,21423.885583562474,36457.78943521839,4581.325843568851,6522.469896217268,17896.397013962618,28125.300486685668,8129.335167076131,72885.93462931248,39.509197820612144,9252.437147393677,12925.78718732557,8037.500677921482,0.0,0.0,0.0,2558.505225385768,107.75079119701113,0.0,376.96156708464355,69.15905373099743,0.0,146.4575397082599,0.0,135.32976241813645,0.0,37.76300919262188
2015-11-24,5775.070700766085,8413.00177147054,6189.885583562194,12343.789435218283,687.325843568681,4140.469896217241,6892.397013962289,4225.30048668507,6397.335167076086,68921.9346293125,179.50919782060396,10266.43714739457,5165.787187325342,5951.500677921285,0.0,18.053491859747396,0.0,2090.50522538578,139.75079119704978,131.53662081523578,200.96156708460722,153.15905373099272,0.0,874.4575397083295,0.0,0.0,0.0,83.7630091926336
2015-11-25,3391.070700764676,7461.001771469368,7133.885583562195,6113.789435218736,21.325843568673918,2248.4698962169687,6830.397013962242,0.0,6559.335167076168,67707.93462931325,719.5091978206825,10040.437147395973,5273.787187325305,3489.5006779213404,0.0,64.05349185974458,0.0,690.5052253856611,0.0,0.0,258.9615670846652,27.159053730996483,0.0,632.457539708279,0.0,0.0,33.605212628470134,37.763009192629085
2015-11-26,4021.0707007650226,6967.001771470337,5649.885583561934,7981.789435218921,0.0,1640.469896216842,6324.39701396199,0.0,5249.335167076069,60981.93462931331,575.5091978206884,10518.437147396602,6305.7871873251515,1731.5006779212135,161.27536582683751,0.0,0.0,760.5052253855924,0.0,187.53662081523345,0.0,153.1590537310199,0.0,0.0,0.0,0.0,0.0,37.76300919263501
2015-11-27,6897.070700765292,18657.001771469837,13801.885583561665,12109.789435218498,287.3258435683747,1746.469896216943,8672.397013961683,5651.30048668414,5665.33516707616,59797.93462931477,597.5091978206731,13438.437147395387,8477.787187325259,2811.500677921085,0.0,64.05349185975047,0.0,126.50522538567566,0.0,0.0,0.0,69.15905373101269,128.71949256230548,82.45753970856913,0.0,559.3297624181585,61.60521262843578,0.0
2015-11-28,15107.070700765815,53997.00177147218,26063.885583562762,36087.789435219405,5251.325843568589,5246.469896217319,15694.397013962262,35205.30048668532,5249.3351670761585,59515.93462931327,995.5091978206841,33902.43714739586,12925.787187325986,2293.5006779211835,0.0,0.0,0.0,0.0,0.0,187.53662081521122,20.961567084636727,0.0,34.71949256230234,0.0,0.0,365.3297624181596,0.0,0.0
2015-11-29,9645.353470858532,24671.28248962298,15609.09603388554,32180.640740658433,4685.425032180416,1997.108874586804,8657.754836368036,26839.683253688716,4388.001271558549,84470.51205644765,551.139980744682,20883.646855782186,11517.942883953268,1421.500677921243,0.0,0.0,0.0,193.61766773165118,0.0,0.0,0.0,0.0,32.25030587932359,643.4412192646319,0.06649687927611048,383.97551106136586,0.0,0.0
2015-11-30,5829.3534708571815,5989.282489617415,5835.096033883536,4306.640740654653,75.42503217973763,2381.1088745866373,3321.754836367285,8173.683253685915,2904.0012715584503,100572.51205644879,835.1399807446182,3147.646855778774,5285.942883952489,1481.5006779213104,0.0,0.0,12.973264426421338,77.61766773177123,47.69191409723196,81.73662092024342,52.05947584635078,0.0,0.0,2173.441219264917,0.06649687927572767,0.0,0.0,0.0
